bfs_nr_gemeinde;erdoelbrennstoffe;gemeinde_name;jahr;energiebezugsflaeche;total;einwohner;erdgas;andere;uuid;loaded_at
4881;1686.933;Amlikon-Bissegg;2015;113791;1686.933;1320;;;1b8f0517-54c0-4ad4-8552-91b9cbfa5cb3;2025-07-29
4921;2217.241;Bussnang;2015;187360;3151.487;2262;932.375;1.871;b68324ae-119f-4cd4-9de2-337b26f3b487;2025-07-29
4751;2836.259;Rickenbach (TG);2015;227233;4585.831;2766;1745.491;4.081;e7dadbc2-470f-41e9-8023-9c5c0152e32e;2025-07-29
4756;867.692;Schönholzerswilen;2015;72638;867.692;804;;;e9f42b80-ff02-4f2c-9cde-7df168ba37f3;2025-07-29
4696;3593.64;Tägerwilen;2015;348780;6037.877;4377;2444.237;;b83d48f7-9702-4786-bd28-da39b08aed68;2025-07-29
4901;1830.545;Birwinken;2016;105821;1830.545;1337;;;34e9d967-6968-430d-9be7-cdb6b7902972;2025-07-29
4646;2784.534;Ermatingen;2016;315177;5645.731;3302;2861.197;;ac1a59db-d4d3-4c00-b8f5-476c704741fb;2025-07-29
4495;727.352;Hohentannen;2016;55741;727.352;597;;;56728f3e-88f2-4123-b511-0d7fa9847ed0;2025-07-29
4696;3796.521;Tägerwilen;2016;366632;6367.37;4510;2570.848;;ec7a239d-1c2d-428a-add2-0c5f80ae0fdf;2025-07-29
4716;1361.318;Bettwiesen;2017;87837;1616.384;1239;255.067;;ba21b40b-c10d-4daf-af75-d5594059d411;2025-07-29
4561;3334.917;Felben-Wellhausen;2017;202361;3691.629;2790;356.711;;3b682fb6-f67c-40fa-9ec0-db4171472bf0;2025-07-29
4651;394.796;Gottlieben;2017;40339;900.228;348;505.432;;424ef094-7bc5-4327-b375-609c16e35e0e;2025-07-29
4681;1080.364;Langrickenbach;2017;115371;1081.833;1307;1.469;;19c9733f-87ec-4877-879d-557d53ce3225;2025-07-29
4401;17778.822;Arbon;2018;1200595;23763.73;14533;5984.908;;ecf26c36-2454-4673-b766-dd3538521707;2025-07-29
4921;2167.273;Bussnang;2018;202395;3108.845;2342;939.694;1.877;abf868d5-506c-4ef0-90fb-08bde2d7ab8c;2025-07-29
4495;661.596;Hohentannen;2018;57042;661.596;586;;;127846e8-9381-48ea-afe8-213d0477d570;2025-07-29
4741;1497.92;Lommis;2018;98540;1497.92;1211;;;052b9842-c348-4086-b10b-3592d85cd937;2025-07-29
4506;3309.352;Sulgen;2018;342616;6527.779;3842;3218.426;;247d5699-a2c8-4b98-885d-ca67ec518acd;2025-07-29
4951;2255.159;Wigoltingen;2018;213697;3637.546;2447;1382.387;;60932b08-a2a5-4791-84ab-d7ed656aaba6;2025-07-29
4716;1326.22;Bettwiesen;2019;87459;1589.001;1223;262.781;;200651e9-3c7d-4fc4-b6dd-4674d4de6202;2025-07-29
4671;20945.018;Kreuzlingen;2019;1844140;36913.229;22193;15968.211;;6a3f9496-a82f-4f4c-9382-0339b3e7ab6b;2025-07-29
4431;4514.653;Roggwil (TG);2019;268028;5161.803;3082;647.15;;9a6996a0-8aa5-4f3f-80b6-7fd5203bdbd0;2025-07-29
4446;683.097;Sommeri;2019;66334;683.097;608;;;261be3c6-fe81-433c-a5e9-7cd8d16de3a4;2025-07-29
4711;3421.678;Affeltrangen;2020;230587;3936.95;2642;498.117;17.155;87464533-04e0-4535-a1b2-d7ce844b75fc;2025-07-29
4646;2591.102;Ermatingen;2020;346853;5365.14;3638;2774.037;;545a7322-7b2a-4492-93a5-6961c23c316a;2025-07-29
4666;2974.895;Kemmental;2020;246272;3093.259;2592;115.707;2.657;f7ed212c-014a-4fad-8f4b-08ea7ffc027b;2025-07-29
4671;20027.825;Kreuzlingen;2020;1862057;35505.164;22375;15477.339;;6a7ea337-46d9-4f88-bd37-d4801078622e;2025-07-29
4591;2245.188;Matzingen;2020;231222;3730.007;3019;1484.819;;f788dc10-c3e0-4c76-9d5a-9e1b7da79d53;2025-07-29
4851;1802.172;Salenstein;2020;157667;2625.521;1409;819.614;3.734;2398cb75-92df-41ef-9f13-40125c4bae01;2025-07-29
4606;634.158;Stettfurt;2020;103719;1495.796;1217;861.638;;6d0406e3-8078-4355-b76c-ad740a15432f;2025-07-29
4566;18408.855;Frauenfeld;2021;2391756;50919.556;25816;32496.913;13.788;99094542-ac0d-4600-b788-80bc40ed6cd8;2025-07-29
4416;1327.318;Hefenhofen;2021;123879;2181.923;1321;854.605;;07e9b1c3-2205-49c1-9182-6eb4a2a50cc2;2025-07-29
4941;2682.907;Märstetten;2021;235552;4801.686;2891;2118.779;;be47aead-e975-4cb7-998d-b34ed6b59b30;2025-07-29
4401;14921.748;Arbon;2022;1249825;21245.375;15413;6314.386;9.24;32dd9ea6-55f8-48de-ac14-1ebd464f2ff2;2025-07-29
4666;2682.341;Kemmental;2022;260286;2795.442;2722;110.579;2.522;857ec30d-972a-4533-9d7a-270443523e3e;2025-07-29
4751;2371.531;Rickenbach (TG);2022;242611;3982.491;2994;1597.015;13.945;c70c183c-5ef1-46a1-826c-5754e356107e;2025-07-29
4756;758.58;Schönholzerswilen;2022;79010;758.58;883;;;78ad802a-74db-489e-98ad-cd318f239752;2025-07-29
4864;4139.27;Steckborn;2022;361813;6803.294;3989;2662.077;1.947;eda7ec34-d788-41a9-aba5-2bad634fd4b4;2025-07-29
4486;1867.878;Hauptwil-Gottshaus;2023;175136;2674.356;2069;806.478;;b910ed6b-f2b3-49c4-90af-ed98ca10318a;2025-07-29
4643;1771.794;Bottighofen;2015;191134;3159.021;2166;1387.227;;7792c2fc-ba31-43fd-b2cf-6fb724263f7d;2025-07-29
4666;3177.021;Kemmental;2015;223482;3255.702;2385;74.991;3.691;e8264e8b-df23-4e64-87d3-6fd85e309666;2025-07-29
4606;734.134;Stettfurt;2015;96232;1538.899;1164;804.765;;3ce4e695-21b3-4912-8c34-78fc3996d323;2025-07-29
4616;1469.356;Uesslingen-Buch;2015;95577;1469.356;1086;;;c71bf185-38e3-49c9-bb99-222afd769db1;2025-07-29
4451;1547.424;Uttwil;2015;150431;2998.997;1830;1451.573;;05759bfe-0998-4580-9852-c77ed5916953;2025-07-29
4716;1353.945;Bettwiesen;2016;83830;1595.508;1172;241.562;;c6ae1cc3-03e6-46a1-8b0a-3b0e4dabe94f;2025-07-29
4726;3551.41;Fischingen;2016;254732;3551.41;2680;;;798d7a14-aed0-4854-a10b-a76ce97d168b;2025-07-29
4666;3287.306;Kemmental;2016;224860;3369.312;2453;78.14;3.867;f4561ec9-2b3d-4b89-84d9-58e08a899615;2025-07-29
4691;3838.919;Münsterlingen;2016;316226;9063.941;3328;5218.785;6.236;52fd09e6-9992-4256-a9ec-39c1de832674;2025-07-29
4851;1874.904;Salenstein;2016;144608;2692.845;1285;814.184;3.757;4ec73231-c6d2-4459-a0de-b383fe0d5aa6;2025-07-29
4723;827.219;Braunau;2017;63883;827.219;770;;;6fd0ae96-698e-4607-b032-76164ec341ab;2025-07-29
4806;1498.826;Eschenz;2017;149659;2956.545;1754;1457.719;;b84172ac-382f-4d42-bd01-5a2245a0ca3c;2025-07-29
4416;1137.607;Hefenhofen;2017;103985;1839.885;1187;702.278;;ee9e4d6a-de11-4697-b6b7-94f60ade2a4b;2025-07-29
4821;1563.735;Hüttwilen;2017;166325;2306.628;1709;742.893;;546b79fa-45cf-4f07-94b9-5304e09e039a;2025-07-29
4831;2020.787;Müllheim;2017;219520;4493.749;2964;2472.962;;a3e1c538-9082-4aa1-a4f4-ec92483a4557;2025-07-29
4756;897.011;Schönholzerswilen;2017;74270;897.011;848;;;8c15d605-7be3-412c-a428-cd15ebbc27c8;2025-07-29
4951;2396.556;Wigoltingen;2017;208685;3814.386;2429;1417.83;;f9c885ab-05b7-464c-94b2-9ff6aa92d3a9;2025-07-29
4536;2648.723;Basadingen-Schlattingen;2018;166458;2715.242;1833;65.907;0.612;f6a821a6-1357-4db4-804f-fd972e2e8b29;2025-07-29
4406;565.595;Dozwil;2018;50455;733.246;695;167.651;;9dbe247d-f5a3-465d-94c2-bf0adc6e0126;2025-07-29
4831;1951.28;Müllheim;2018;224920;4286.931;2980;2335.651;;dad62cf9-15e4-468d-8536-88d26b4de7b9;2025-07-29
4441;1402.056;Salmsach;2018;107149;2135.602;1443;733.546;;968cb6e2-ffa0-4bf4-a9c0-9333e7b004c5;2025-07-29
4451;1574.292;Uttwil;2018;152677;3010.288;1856;1435.996;;4e3a82fe-d991-42f2-a7af-20c42f939eeb;2025-07-29
4901;1878.685;Birwinken;2019;108927;1878.685;1340;;;e1a9f965-8b3d-4eec-be9b-9a08800e101e;2025-07-29
4545;3833.246;Diessenhofen;2019;353967;6580.782;4029;2746.151;1.384;fc000ff0-d3fa-4450-b5db-8ee1221bb46b;2025-07-29
4561;3253.512;Felben-Wellhausen;2019;204096;3624.14;2858;370.628;;99be9e1d-3668-47f3-9af2-cfb9f7d29ca7;2025-07-29
4651;427.432;Gottlieben;2019;41366;952.104;331;524.672;;d89f0084-9a23-4548-85d8-2af84199e14b;2025-07-29
4656;1675.618;Güttingen;2019;165396;2843.031;1656;1165.395;2.019;a0663dbd-9271-4858-ba83-a4007199f8e1;2025-07-29
4421;2314.82;Horn;2019;245547;4083.106;2898;1768.286;;30608dfb-e5ea-4622-8c57-47675bd5c318;2025-07-29
4746;4952.475;Münchwilen (TG);2019;473590;7821.164;5667;2868.689;;5ddb7e3b-8dd7-4384-9747-96359c0c621e;2025-07-29
4756;881.105;Schönholzerswilen;2019;75657;881.105;846;;;26ed68f2-6753-4a99-b87f-41dbbb7fe9c8;2025-07-29
4611;1640.996;Thundorf;2019;124539;1652.602;1486;11.606;;80b7171b-f7d7-45f9-bdfa-2ddef43f3721;2025-07-29
4801;1096.923;Berlingen;2020;99694;2347.087;907;1249.463;0.701;7530f93d-b0bf-4f9d-832c-b4f8211304fe;2025-07-29
4726;3228.24;Fischingen;2020;276155;3234.51;2831;;6.27;515eae2f-e789-4b2b-9eb8-83e8b63a6709;2025-07-29
4571;3222.975;Gachnang;2020;348486;5414.795;4472;2191.304;0.516;45a45664-7793-4869-8aee-23e4416f51f1;2025-07-29
4811;1354.245;Herdern;2020;99317;1370.871;1114;13.745;2.88;e6b44dd2-d1fa-49b6-8e7c-de7ccd9c37eb;2025-07-29
4495;631.247;Hohentannen;2020;57097;631.247;610;;;5c9691f0-3914-45b3-a44f-b1fa0d27cfc8;2025-07-29
4846;474.299;Raperswilen;2020;36201;474.299;416;;;0abfae51-fba2-4add-a17e-17113ebe820f;2025-07-29
4696;3560.992;Tägerwilen;2020;421225;6254.291;4924;2693.3;;74b3bdde-0b36-44de-ba89-4b3125bd43d5;2025-07-29
4551;7575.502;Aadorf;2021;737984;13694.212;9343;6118.71;;f03ddedc-70ae-43b9-a227-e8ed37236d30;2025-07-29
4881;2109.962;Amlikon-Bissegg;2021;136718;2109.962;1350;;;2a1139db-3d83-427b-a4c3-a489af105e7e;2025-07-29
4716;1435.293;Bettwiesen;2021;89753;1742.279;1250;301.64;5.347;dfd9d66a-75f0-4f3d-a25e-1b0ebdad4f52;2025-07-29
4911;3232.397;Bürglen (TG);2021;308368;6870.363;3979;3637.967;;7951cace-8b31-4cb3-a66c-f699330d97fa;2025-07-29
4590;754.344;Hüttlingen;2021;77576;775.262;833;;20.919;7887c6b8-86cd-4776-87c7-1cc5d9e7be3c;2025-07-29
4741;1746.681;Lommis;2021;103403;1746.681;1258;;;d8d61e9f-0f1f-41aa-b72b-7c154fcc1ae5;2025-07-29
4826;1858.242;Mammern;2021;72700;2434.422;686;572.219;3.96;031344c6-3e54-4dd5-bb47-fa8153786be1;2025-07-29
4446;746.84;Sommeri;2021;67292;746.84;630;;;1b15a6c3-de91-4bc2-ae74-4a6369bec0c5;2025-07-29
4871;2699.001;Wagenhausen;2021;173445;3347.322;1771;648.321;;6faad556-9de7-44c1-84eb-44171234c57b;2025-07-29
4643;1199.91;Bottighofen;2022;228603;2686.064;2694;1484.329;1.825;85d12bf9-4478-4115-8a48-d9a48bceaef8;2025-07-29
4646;2435.545;Ermatingen;2022;355130;5071.901;3764;2632.322;4.035;ed952ec6-864a-405a-b43b-65ebe4bb5a35;2025-07-29
4724;2478.601;Eschlikon;2022;430093;5698.75;4829;3220.149;;fffb5e25-7052-4e82-ba4f-27fef692a1db;2025-07-29
4416;999.102;Hefenhofen;2022;123080;1679.041;1294;679.939;;a050e0c3-8c32-4b89-a0cd-1558f9519a3a;2025-07-29
4590;586.839;Hüttlingen;2022;78221;586.839;849;;;1d32eda1-e8ca-4c4f-a0d8-a27b703eada5;2025-07-29
4606;542.14;Stettfurt;2022;106010;1332.008;1237;789.869;;1dfbe106-8977-45c0-b1d7-2dc6134d1b8a;2025-07-29
4711;2817.2;Affeltrangen;2023;240928;3225.533;2824;408.333;;0c0c411b-9cb8-49eb-ac0d-530d0d213d20;2025-07-29
4801;985.818;Berlingen;2023;101931;2125.618;948;1139.165;0.635;f07efe20-4793-4b3e-93fe-5baf57fbb65a;2025-07-29
4656;1231.245;Güttingen;2023;175072;2195.937;1703;961.696;2.997;c04e7e7f-f7ab-4540-b8e1-edd95e0e3657;2025-07-29
4590;547.952;Hüttlingen;2023;81776;547.952;874;;;cf23dbc6-93a2-4122-8e0b-047d7f3f188e;2025-07-29
4501;2513.238;Kradolf-Schönenberg;2023;316526;4547.029;3844;2033.791;;3566032f-0883-45dd-b4ba-ede9d814aa37;2025-07-29
4591;1886.705;Matzingen;2023;235059;3195.828;3096;1309.123;;1d4b7875-03da-45dd-a74f-15318fdf5fd7;2025-07-29
4841;1502.57;Pfyn;2023;182504;2788.236;2247;1285.666;;9530f14c-4784-4ee3-90d9-8a383a3d8256;2025-07-29
4506;2774.742;Sulgen;2023;363170;5669.517;4036;2884.999;9.775;4836a7ea-24af-44af-b552-1cd249eb9d2a;2025-07-29
4451;1250.063;Uttwil;2023;161243;2546.555;1906;1293.124;3.368;35571e80-6b26-4694-b7de-038610719a87;2025-07-29
4951;1893.385;Wigoltingen;2023;226525;3157.01;2642;1262.302;1.323;73579bcf-91d9-4b9e-bca3-d2732ee67915;2025-07-29
4511;1980.459;Zihlschlacht-Sitterdorf;2023;225162;3037.89;2586;1042.196;15.236;7cd6cff4-7e42-4081-a011-b9144b5d3b5b;2025-07-29
4641;1652.829;Altnau;2015;200923;2541.89;2148;889.062;;f29d955a-b228-4287-8c11-01e709917021;2025-07-29
4411;5302.317;Egnach;2015;397010;7417.813;4562;2115.496;;62d5bdf4-f049-4931-ac50-cf8c538ba0f7;2025-07-29
4816;1821.504;Homburg;2015;141265;1827.626;1510;;6.122;e9685cf7-5c5e-48f0-9433-eee978be7248;2025-07-29
4501;2957.166;Kradolf-Schönenberg;2015;284290;5036.616;3551;2079.45;;2ec8b2b3-3fba-4a20-ab6c-1ce4d3193a02;2025-07-29
4671;21658.355;Kreuzlingen;2015;1732048;35295.929;21499;13637.574;;7b0945b5-7969-46e6-a983-3858cfa4ee41;2025-07-29
4601;1117.242;Neunforn;2015;92051;1117.242;957;;;b0ec2406-3cc5-4983-8649-4aa539c570b9;2025-07-29
4761;6907.958;Sirnach;2015;638797;13377.607;7642;6469.648;;f450043a-d82b-4095-8cca-53dbb86d09da;2025-07-29
4946;6378.416;Weinfelden;2015;1093625;20544.673;11147;14158.853;7.405;336463ca-5c6f-4648-95f7-4830541154ad;2025-07-29
4801;1238.819;Berlingen;2016;95337;2424.699;887;1185.175;0.705;c4373a3e-a3d0-4a31-9258-ec7be2a6babf;2025-07-29
4671;21675.671;Kreuzlingen;2016;1754857;36746.727;21537;15071.056;;5d1936e2-9a4c-40ab-8831-65d11779d2df;2025-07-29
4683;1777.261;Lengwil;2016;142401;2046.364;1682;269.103;;b2b9bac8-f4d5-4b97-a844-d495c442a9e4;2025-07-29
4601;1153.0;Neunforn;2016;94434;1153.0;986;;;e9852431-2d2d-4a08-970d-1bccbf3f8648;2025-07-29
4431;4547.424;Roggwil (TG);2016;255663;5098.416;3050;550.991;;8942c9c9-2ff1-4b23-9f62-3f2f8780bdaf;2025-07-29
4761;7162.576;Sirnach;2016;650734;13999.368;7697;6836.792;;0fb99770-4010-49bf-9a67-bf5388abf4d8;2025-07-29
4446;654.838;Sommeri;2016;60290;654.838;549;;;b84f1750-48aa-4870-b932-5f565784bb92;2025-07-29
4611;1714.562;Thundorf;2016;121251;1722.465;1459;7.903;;9444d28b-c892-4975-9de8-661456de775e;2025-07-29
4551;7258.902;Aadorf;2017;702787;12444.967;8843;5186.066;;26ee9b5a-2232-47c5-96ca-5305b4482047;2025-07-29
4881;2086.08;Amlikon-Bissegg;2017;130806;2086.08;1328;;;3d1d3094-29f1-4808-bd49-0f11238bb294;2025-07-29
4486;2392.975;Hauptwil-Gottshaus;2017;165391;3270.152;1938;877.177;;8b1da769-ed13-416c-bc8b-3e70668e6e43;2025-07-29
4495;745.02;Hohentannen;2017;56429;745.02;602;;;bb8d8321-d4aa-48ba-ba83-262142ce3a01;2025-07-29
4501;3066.792;Kradolf-Schönenberg;2017;291820;5338.236;3559;2271.444;;23957cd3-6d8c-45ed-bae8-676990b767d1;2025-07-29
4751;2977.028;Rickenbach (TG);2017;223270;4628.637;2771;1647.274;4.336;a06e430b-9803-481d-80e2-3706c23d0ece;2025-07-29
4431;4498.385;Roggwil (TG);2017;259972;5080.702;3056;582.317;;f579bff9-3925-423c-9393-78f8ace78e62;2025-07-29
4506;3552.729;Sulgen;2017;335051;6804.398;3744;3251.669;;1eb9c5e4-31d7-49b3-b028-c3b7807e9624;2025-07-29
4641;1573.184;Altnau;2018;209453;2535.507;2236;962.322;;77ddc67d-801c-4858-9625-bea165b91a58;2025-07-29
4881;1950.845;Amlikon-Bissegg;2018;133528;1950.845;1341;;;22be5ba1-51ca-4d5d-b969-800689345a78;2025-07-29
4566;16236.412;Frauenfeld;2018;2304232;43676.164;25456;27417.581;22.171;2edb9110-71c7-4108-8e34-1f4bf64522ce;2025-07-29
4656;1537.599;Güttingen;2018;153158;2544.276;1591;1004.785;1.892;4b0511e1-8bd6-47aa-97bb-4dc51e5621c3;2025-07-29
4816;1657.012;Homburg;2018;144950;1663.156;1542;;6.145;64a7dfe5-e62c-476b-bc21-e207a4efcbad;2025-07-29
4846;486.685;Raperswilen;2018;35030;486.685;414;;;04015b52-f911-4e93-b30b-bdcef69eac1f;2025-07-29
4871;2346.735;Wagenhausen;2018;169312;2893.423;1678;546.688;;5aed876f-0c9b-48ce-bad1-c9e79a780151;2025-07-29
4946;5950.325;Weinfelden;2018;1158607;20380.341;11483;14422.585;7.432;177e78b6-db38-47c6-b29c-6b4cbadc8999;2025-07-29
4721;2810.607;Bichelsee-Balterswil;2019;236733;2997.573;2873;186.966;;707ec10d-826d-4b71-8cfe-f806d4ee33e7;2025-07-29
4911;2961.199;Bürglen (TG);2019;296941;6177.82;3949;3216.621;;6d32dca8-5e1c-455a-bd2e-2861fe5239c9;2025-07-29
4806;1430.697;Eschenz;2019;159986;2911.707;1833;1481.01;;78c5fdc4-9e99-47c1-be0f-34cd78ec29bb;2025-07-29
4601;1166.903;Neunforn;2019;101517;1166.903;1040;;;f6ac73cd-8390-4ed9-b2fe-2a86360e94ce;2025-07-29
4846;508.935;Raperswilen;2019;35620;508.935;413;;;fc59a33c-4955-4698-9710-6b74e237d528;2025-07-29
4761;6880.895;Sirnach;2019;677144;13247.636;7783;6366.74;;3b4cf51c-5348-4252-b72f-21ebb2f962a8;2025-07-29
4776;2153.22;Tobel-Tägerschen;2019;139211;2575.355;1601;422.135;;f8c24fd2-bdda-4117-aff1-f95f77124397;2025-07-29
4871;2478.786;Wagenhausen;2019;172544;3059.019;1711;580.233;;7048f211-1c2b-473f-b5ec-1867070c7fb3;2025-07-29
4621;1749.553;Warth-Weiningen;2019;127724;2111.499;1334;361.946;;d6297a78-3040-4918-af60-dc0cbd034a1f;2025-07-29
4401;16843.91;Arbon;2020;1209068;23454.955;14872;6611.045;;a0aefe99-0894-466c-b6fb-aa1d4a531ca1;2025-07-29
4545;3649.515;Diessenhofen;2020;357010;6353.181;4091;2702.32;1.346;062b2323-f598-44a5-aae8-be4e1fe2603a;2025-07-29
4651;416.602;Gottlieben;2020;41528;932.653;334;516.052;;a29c0857-7dac-4c56-81cd-e69f674705b6;2025-07-29
4821;1382.933;Hüttwilen;2020;176183;2137.212;1763;754.279;;57011ed3-c968-4817-952a-f5893d57c1b8;2025-07-29
4611;1523.071;Thundorf;2020;124367;1527.956;1512;4.885;;7d0bace1-c866-4b1a-b059-c31d9f048fdc;2025-07-29
4723;841.572;Braunau;2021;71719;841.572;810;;;6762e712-2781-4fd0-b53d-e19bd9b4a737;2025-07-29
4724;3169.004;Eschlikon;2021;426388;7099.506;4729;3930.502;;e7d6d2ed-4d65-48b4-94aa-f5541659d2ac;2025-07-29
4726;3661.529;Fischingen;2021;287687;3682.49;2859;;20.961;eccd6063-a784-48ce-97c6-a6b03c6d1eea;2025-07-29
4816;1621.887;Homburg;2021;152111;1629.391;1552;;7.504;114801c3-2141-470f-b9d1-82dc84a3c507;2025-07-29
4591;2564.439;Matzingen;2021;232690;4258.644;3027;1694.205;;330fa6d2-76d4-4f90-8c31-4d95756c4e72;2025-07-29
4436;10355.627;Romanshorn;2021;970465;21583.498;11446;11209.612;18.26;c650dcee-ff21-4f07-bbe1-64fb919134f8;2025-07-29
4616;1624.864;Uesslingen-Buch;2021;102027;1624.864;1105;;;33fcdf00-c569-4574-9f51-9b443926b416;2025-07-29
4791;1313.039;Wuppenau;2021;102740;1318.947;1177;5.908;;e80ae0a8-b29b-4453-8dc6-4744cdee3e8a;2025-07-29
4461;13132.446;Amriswil;2022;1180062;19614.719;14273;6482.273;;5fcbd80b-e788-4639-985a-fa26b7c4c65d;2025-07-29
4921;1843.486;Bussnang;2022;209875;2822.099;2537;974.04;4.572;6ba640bf-26a9-4d87-900d-7e44ccd136c4;2025-07-29
4406;547.637;Dozwil;2022;55674;698.375;713;150.738;;c0cc4464-d471-46ee-9372-c343469c7766;2025-07-29
4476;2862.24;Erlen;2022;296693;4855.898;3883;1993.657;;a52e8233-efa3-462a-abf7-cc8fbdd375b5;2025-07-29
4726;2895.767;Fischingen;2022;291035;2895.767;2925;;;1ce8d794-43bf-4365-bb56-7ad3148d5690;2025-07-29
4651;360.085;Gottlieben;2022;44124;872.917;343;512.833;;4b489321-27c4-42ac-bab4-9c073de2e891;2025-07-29
4426;578.366;Kesswil;2022;85405;1403.323;1007;820.418;4.539;525f65fb-69d2-4466-b464-2aab955a2ba1;2025-07-29
4741;1354.066;Lommis;2022;103444;1354.066;1250;;;a2975c53-9313-49e2-b05d-dd8b8fd8e566;2025-07-29
4831;1790.084;Müllheim;2022;244822;4124.062;3206;2333.977;;61f13eef-8968-4e7c-b332-56e6aaeab8f9;2025-07-29
4696;3216.132;Tägerwilen;2022;439797;5713.226;5148;2497.094;;593b9ff0-c4e2-40b2-be76-c7e7baf8a65b;2025-07-29
4611;1370.691;Thundorf;2022;135045;1378.63;1594;7.939;;85c2f727-f965-4351-9cc2-a3ebf063499b;2025-07-29
4511;2134.245;Zihlschlacht-Sitterdorf;2022;222482;3258.607;2527;1108.393;15.969;e1bf4c01-7a57-4e8f-86bd-30370b06fbe9;2025-07-29
4551;5397.007;Aadorf;2023;748986;9991.203;9437;4592.783;1.413;6422513b-f933-4624-9c16-b4f217678f18;2025-07-29
4881;1530.723;Amlikon-Bissegg;2023;139606;1530.723;1369;;;4fdaf2fb-d176-4100-b913-ff2933d2c2b9;2025-07-29
4471;6083.268;Bischofszell;2023;519183;8498.93;6255;2415.662;;88284e5d-d83a-470f-b401-3e69476df9b7;2025-07-29
4561;2515.364;Felben-Wellhausen;2023;234071;2874.323;3172;358.959;;8625bf43-3138-4267-88da-37c203768191;2025-07-29
4495;545.781;Hohentannen;2023;59523;545.781;663;;;8ee98945-a06a-4447-9841-25bd2afe85f8;2025-07-29
4821;1083.934;Hüttwilen;2023;176990;1684.621;1746;600.245;0.441;ec1f3666-4b97-4c80-a48d-73ac448b902a;2025-07-29
4941;1920.465;Märstetten;2023;241493;3497.966;2935;1577.501;;757617d0-9818-4ca9-994f-f90870d11a3b;2025-07-29
4831;1672.014;Müllheim;2023;249918;3863.25;3281;2191.236;;0c6de645-9fbf-49db-8738-0feb3e618e8d;2025-07-29
4601;825.87;Neunforn;2023;110197;825.87;1111;;;679e4ad7-f60e-4606-8e6f-6dfdb1543b6c;2025-07-29
4431;3446.691;Roggwil (TG);2023;291866;4081.984;3375;632.245;3.047;9c58a568-3ab5-4896-aaf7-b41ca9ecbae5;2025-07-29
4611;1200.479;Thundorf;2023;138961;1209.896;1664;9.417;;5640ed14-b160-45af-9156-b74dc8e1ebe9;2025-07-29
4621;1344.859;Warth-Weiningen;2023;136981;1693.262;1441;348.403;;29b55a7d-9b50-446d-822c-95c3df46c762;2025-07-29
4711;3342.507;Affeltrangen;2015;210764;3828.025;2481;468.636;16.882;469de487-fd25-4ed8-a95e-e24213abe2da;2025-07-29
4911;2958.451;Bürglen (TG);2015;273934;5817.894;3679;2859.443;;a5396f00-1d23-40b7-ac74-4bee2a936d9b;2025-07-29
4495;682.883;Hohentannen;2015;55471;682.883;612;;;4fc6f2bb-5215-4dca-9a7f-e9b6b4a14873;2025-07-29
4436;9304.442;Romanshorn;2015;895806;18594.393;10708;9274.277;15.674;417e782a-6a56-42af-bae4-b40b8c6edc7a;2025-07-29
4506;3351.318;Sulgen;2015;320801;6415.664;3676;3064.346;;92344883-0ba7-467e-ba40-b4e360f767fc;2025-07-29
4891;2474.846;Berg (TG);2016;283479;5106.936;3301;2632.09;;a4499a27-3612-4b7a-a7d5-6286f77708bc;2025-07-29
4471;7491.706;Bischofszell;2016;480980;10032.535;5923;2540.829;;b18d818e-83b5-422f-9658-732134ff1203;2025-07-29
4651;392.68;Gottlieben;2016;41260;912.479;323;519.799;;771b2cfe-d0a4-4dde-adc2-08c9382e479b;2025-07-29
4416;1235.509;Hefenhofen;2016;103985;1825.474;1243;589.965;;8f4e6650-1039-4bc0-9b16-eeb8c7e2af48;2025-07-29
4841;1895.246;Pfyn;2016;163129;3334.989;1943;1439.743;;ab4c1a95-db18-48be-b1de-744133024e35;2025-07-29
4921;2291.901;Bussnang;2017;195423;3282.219;2313;988.331;1.987;dd0e9b43-6450-459c-98e5-bdd53026bc5c;2025-07-29
4426;690.915;Kesswil;2017;81066;1679.341;999;983.548;4.878;fc66686d-3b9d-42f8-96fb-16d4ded06bbb;2025-07-29
4851;1893.117;Salenstein;2017;147103;2719.617;1271;822.691;3.809;f7028508-5393-4c3e-b2d6-7810add3972b;2025-07-29
4801;1194.403;Berlingen;2018;97372;2342.028;893;1146.95;0.676;e1e399db-b4f9-4d30-8806-a253ab24a7e9;2025-07-29
4545;3681.382;Diessenhofen;2018;346821;6181.692;3985;2499.013;1.297;c61a5d49-f44b-47c6-bfcb-2b7fb34d3bbb;2025-07-29
4501;2923.69;Kradolf-Schönenberg;2018;302184;5099.725;3584;2176.035;;00a10648-d3cf-4efa-a930-80ab8979e29c;2025-07-29
4864;4614.817;Steckborn;2018;343607;7329.626;3742;2714.809;;5fb05f17-8aa8-4cba-bb71-5b5dc883e42c;2025-07-29
4701;1289.539;Wäldi;2018;118950;1390.528;1061;100.989;;9f3935ed-758c-49dc-be8d-fcff90a7a7a9;2025-07-29
4711;3578.67;Affeltrangen;2019;226930;4081.435;2603;484.686;18.079;37fcedad-03d2-491e-a3f7-c9196eb0bd60;2025-07-29
4726;3459.798;Fischingen;2019;273605;3459.798;2792;;;59cc557b-7df1-4aee-b321-f61ee589e3d9;2025-07-29
4681;1080.928;Langrickenbach;2019;119247;1082.409;1274;1.481;;350568bb-3238-4f9f-8264-3422c4202725;2025-07-29
4591;2344.024;Matzingen;2019;226347;3827.12;2958;1483.096;;f30244e7-d4b6-410b-bb95-95cb3313d62a;2025-07-29
4436;9583.654;Romanshorn;2019;953932;19508.609;11236;9909.002;15.954;440f329a-2e86-4fce-85e9-4144303bd787;2025-07-29
4606;701.839;Stettfurt;2019;102568;1607.041;1228;905.202;;e44c1205-58fa-438f-b5a5-aab4552754eb;2025-07-29
4451;1633.415;Uttwil;2019;159940;3180.787;1889;1547.373;;8cb2bded-45ec-4489-9e3f-f0b6ee2e91a0;2025-07-29
4406;607.873;Dozwil;2020;52848;776.955;683;169.082;;3c725f85-faf4-46c1-aa7b-9fa8131ccd8c;2025-07-29
4486;2157.349;Hauptwil-Gottshaus;2020;170426;3022.738;2007;865.389;;e0938237-1a9c-430e-81e9-46dddd262597;2025-07-29
4501;3027.981;Kradolf-Schönenberg;2020;306178;5227.672;3653;2199.69;;2a67255b-ab71-4ae9-9b6a-ab3bf8c33bc7;2025-07-29
4641;1756.611;Altnau;2021;216142;2907.579;2318;1150.969;;ced8727c-036f-459e-bcfc-af604a172816;2025-07-29
4461;16574.878;Amriswil;2021;1166679;24494.424;14223;7919.546;;9b7f0845-1e6c-4120-bd94-585369bbeff7;2025-07-29
4666;3361.097;Kemmental;2021;249742;3497.734;2624;133.51;3.127;a6ad426c-f9f2-4d75-8208-7662e6951db1;2025-07-29
4681;1081.738;Langrickenbach;2021;126949;1083.433;1383;1.695;;497be578-2044-4940-9b1d-6dc2a6620079;2025-07-29
4571;2801.887;Gachnang;2022;361562;4783.583;4554;1981.329;0.366;8cd0f8e7-45fd-48d8-b547-9850d0f05fce;2025-07-29
4495;571.175;Hohentannen;2022;58962;571.175;659;;;68cf2974-b011-4a85-a931-c41aaf66a7ac;2025-07-29
4431;3765.516;Roggwil (TG);2022;292517;4432.029;3350;663.319;3.194;ffc91739-98ac-4f1f-b894-2a273a31b0ca;2025-07-29
4451;1394.638;Uttwil;2022;161057;2789.837;1911;1391.669;3.53;81476d36-80ac-4cbf-b858-e9d098a4133d;2025-07-29
4401;13997.603;Arbon;2023;1282040;20057.527;15708;6051.109;8.815;76315e17-f340-4f55-9cc5-b1592c6d4986;2025-07-29
4421;1493.886;Horn;2023;266931;2763.575;3119;1269.689;;78d5005a-29b7-4f75-a74d-0f4f3e4c6284;2025-07-29
4801;1172.63;Berlingen;2015;93975;2292.857;863;1119.554;0.673;c37a2ee0-6593-4acd-afa5-2196beb28c4a;2025-07-29
4723;797.515;Braunau;2015;61992;797.515;753;;;168141b1-5bd0-4e7f-b9e9-c56364329bd7;2025-07-29
4806;1513.256;Eschenz;2015;145035;2862.66;1719;1349.404;;97b648d2-3375-47cc-b732-b822bced99fa;2025-07-29
4651;372.641;Gottlieben;2015;40839;872.33;320;499.689;;96509d15-755d-4404-9a78-3cce67662763;2025-07-29
4701;1344.032;Wäldi;2015;114478;1444.712;1037;100.68;;b78fd77e-955b-4fc7-9cec-c152aa0c08e0;2025-07-29
4551;7356.73;Aadorf;2016;691202;12419.838;8838;5063.108;;612f973c-98de-4248-8795-ee97e9ee627c;2025-07-29
4741;1617.653;Lommis;2016;97136;1617.653;1215;;;acccdd6a-e4c1-430d-bdde-53e2caa8b0ad;2025-07-29
4451;1641.125;Uttwil;2016;151563;3156.463;1855;1515.338;;49e7bc45-ff52-48a6-95db-20b3d347b6d5;2025-07-29
4786;1254.448;Wilen (TG);2016;188005;3514.678;2482;2260.23;;2c11fcdd-c868-4684-9662-4ec73c49d290;2025-07-29
4476;3466.208;Erlen;2017;281251;5574.404;3664;2108.196;;4abeb466-43e8-4af9-b9b3-60152a426a8d;2025-07-29
4591;2494.003;Matzingen;2017;219775;4035.154;2840;1541.151;;f2c070a9-0fc1-47b6-bd5b-b21bcefba208;2025-07-29
4511;2567.372;Zihlschlacht-Sitterdorf;2017;200748;3726.423;2357;1141.89;17.161;38bbd5f7-4b70-477e-a498-087271489739;2025-07-29
4486;2232.179;Hauptwil-Gottshaus;2018;168337;3064.923;1941;832.744;;fbc02837-0c02-44f3-a41c-b967dff39ffe;2025-07-29
4681;995.651;Langrickenbach;2018;117429;997.039;1295;1.388;;0a4e7b63-1653-4269-a943-9850f317f502;2025-07-29
4601;1103.073;Neunforn;2018;96873;1103.073;1032;;;67d6b2ee-92b8-4755-99b5-63364d61629b;2025-07-29
4881;1926.544;Amlikon-Bissegg;2019;134991;1926.544;1333;;;a42c5015-5c05-4e8f-8574-edbca0391953;2025-07-29
4536;2817.997;Basadingen-Schlattingen;2019;168129;2888.034;1828;70.037;;92d92380-399a-4bee-93a0-0bf03986e1be;2025-07-29
4486;2322.947;Hauptwil-Gottshaus;2019;170417;3192.247;1987;869.3;;7be1aa7b-b1d7-414c-a022-9811996c352d;2025-07-29
4816;1639.791;Homburg;2019;150873;1646.347;1541;;6.556;c5e04777-fa26-4837-bcf5-4cf60d8fd8e9;2025-07-29
4666;3136.704;Kemmental;2019;245973;3225.589;2591;86.153;2.732;ed76e849-4013-4fbf-9efa-dcac8d5cc3a4;2025-07-29
4656;1590.239;Güttingen;2020;166843;2727.055;1663;1134.853;1.963;144250b0-1fc6-43ed-9b38-5f472ef2064a;2025-07-29
4921;2362.433;Bussnang;2021;209630;3562.819;2533;1192.841;7.546;c09c3e11-70db-4842-9c5b-40c621d1b3c1;2025-07-29
4646;2987.592;Ermatingen;2021;351636;6174.081;3728;3186.489;;d683177c-53cd-44a5-96e5-6955f325c654;2025-07-29
4821;1513.028;Hüttwilen;2021;177018;2374.932;1726;861.904;;22be5f7c-4bd1-488d-b144-d6559d6edd25;2025-07-29
4683;1725.764;Lengwil;2021;151795;2083.038;1721;357.274;;fa6ce19b-337c-456b-b1c9-daa0d4a44e7e;2025-07-29
4751;3025.508;Rickenbach (TG);2021;241413;5214.215;2898;2181.828;6.879;3d0a1d2e-641f-495e-b063-cbc7211e0c8b;2025-07-29
4506;3928.52;Sulgen;2021;360237;7695.877;4014;3767.357;;987049a3-6d0d-44c8-a7ad-4b723588cd51;2025-07-29
4951;2544.636;Wigoltingen;2021;223841;4204.799;2611;1660.162;;381715b5-b16f-403b-8bf3-a6cfd6ac5fdd;2025-07-29
4551;5981.832;Aadorf;2022;751012;11060.635;9402;5076.356;2.448;08526808-5614-408c-9414-c2483f0036b4;2025-07-29
4711;3044.676;Affeltrangen;2022;236480;3512.447;2781;467.771;;ac668ace-52f1-400e-97fb-6f42dfd646bd;2025-07-29
4566;14539.162;Frauenfeld;2022;2366778;40604.57;25990;26012.714;52.694;1c72380a-97ea-4c5c-9385-b0972d49aca1;2025-07-29
4486;2000.28;Hauptwil-Gottshaus;2022;173400;2849.848;2027;849.568;;830d880f-50ee-4f45-904d-285aad71a357;2025-07-29
4421;1804.579;Horn;2022;265608;3407.117;2900;1602.538;;f0e84c3f-0fb0-4d3f-923f-9a4bf9804a6c;2025-07-29
4716;997.906;Bettwiesen;2023;93469;1234.236;1319;233.898;2.432;224f2f95-31b6-463a-8946-2a0151d9b933;2025-07-29
4811;1133.776;Herdern;2023;101960;1149.161;1150;12.777;2.608;cb5d45fb-9568-4912-acb0-c5019b84f640;2025-07-29
4871;2038.575;Wagenhausen;2023;174590;2521.742;1817;483.167;;e4bbc531-f30e-4b42-b784-6c10adcb8870;2025-07-29
4611;1721.378;Thundorf;2021;127704;1727.126;1548;5.748;;e47b5865-82f7-4ec2-bf03-3d66b7eb9c2f;2025-07-29
4471;6634.673;Bischofszell;2022;509930;9244.922;6055;2610.249;;31cfc4b0-6e08-4dcf-8949-35b71e2a039c;2025-07-29
4816;1274.496;Homburg;2022;157941;1284.456;1574;;9.96;cafda02d-c7fb-480c-97b3-1c832337cc6e;2025-07-29
4616;1288.195;Uesslingen-Buch;2022;103498;1297.144;1116;8.949;;62ef5799-8969-4990-a398-f3a1a3e12265;2025-07-29
4723;616.801;Braunau;2023;76531;617.731;858;0.93;;3458dcc3-a535-410d-9ba5-db166133f0a3;2025-07-29
4411;4163.043;Egnach;2023;450027;5993.202;4985;1828.751;1.408;15fcb237-3b39-451b-bead-c10a98f40fa1;2025-07-29
4691;4359.221;Münsterlingen;2023;349833;8100.698;3553;3740.533;0.944;ae21ba55-3581-4792-81e1-ff2b3aedeed3;2025-07-29
4446;570.577;Sommeri;2023;72022;570.577;666;;;08c0d26d-4d67-4fd2-a40f-6ff8e12a7330;2025-07-29
4811;1386.112;Herdern;2015;86213;1386.112;1011;;;5fbe892a-adc7-428c-920b-e44c9c08363b;2025-07-29
4421;2362.82;Horn;2015;219613;4032.027;2592;1669.206;;39e4c47d-5ed7-40d7-a38d-581d3d0f5e40;2025-07-29
4591;2387.539;Matzingen;2015;195974;3768.15;2618;1380.61;;aeb0da0b-766c-4934-950d-23cf6afca1bd;2025-07-29
4746;4903.828;Münchwilen (TG);2015;433963;7646.143;5252;2742.315;;4e0dcfe1-6256-4dc7-b7f3-5221d07bf863;2025-07-29
4841;1817.901;Pfyn;2015;162284;3201.463;1932;1383.562;;ada3a3af-ee26-4e5c-8e44-1acaf1cf6f45;2025-07-29
4846;492.084;Raperswilen;2015;33814;492.084;396;;;62305505-d3e8-40dd-81e2-acce01d9d8b2;2025-07-29
4621;1700.997;Warth-Weiningen;2015;115535;2062.018;1238;361.021;;f94fd4c9-25cc-45f9-9646-cd76ef6c88b7;2025-07-29
4881;1741.239;Amlikon-Bissegg;2016;116232;1741.239;1301;;;67b9d3f1-f42e-4b75-9eb2-247a70130c4a;2025-07-29
4536;2733.846;Basadingen-Schlattingen;2016;158881;2796.718;1811;62.873;;b7de8c4d-ccf4-40cd-a07a-967fed1d4a5a;2025-07-29
4721;2931.487;Bichelsee-Balterswil;2016;230375;3117.897;2820;186.41;;2613df0a-48e9-426e-aa4b-b1168a3fefac;2025-07-29
4643;1824.342;Bottighofen;2016;190861;3255.698;2180;1431.356;;35f41f22-7bf6-4fb7-a742-54efedc0e964;2025-07-29
4561;3305.05;Felben-Wellhausen;2016;199435;3624.465;2743;319.415;;3b5c328c-6d59-4ec8-87b2-e731a098f06d;2025-07-29
4566;17047.335;Frauenfeld;2016;2231651;45443.386;25058;28372.906;23.145;f352f6f2-828f-4885-81d3-3f1d03d9a51a;2025-07-29
4816;1846.836;Homburg;2016;143439;1853.25;1537;;6.414;a7fa3e20-b615-4c4c-afd0-91b676e95cf3;2025-07-29
4821;1567.384;Hüttwilen;2016;164566;2301.182;1701;733.798;;aa11af97-6f07-4d30-b8e8-fa59540a0752;2025-07-29
4826;1628.223;Mammern;2016;65230;2122.518;650;494.295;;828ee8ea-1fcd-4d6d-a146-263df78a4fac;2025-07-29
4846;509.062;Raperswilen;2016;34066;509.062;391;;;63a951c2-990d-4288-9e85-1469bd29dc2e;2025-07-29
4864;4844.832;Steckborn;2016;338865;7680.685;3740;2835.853;;641ea476-c37a-4cb9-bb28-533229490073;2025-07-29
4776;2187.179;Tobel-Tägerschen;2016;135751;2481.837;1594;294.659;;1388d2ea-7392-4917-b281-fbe36e790fea;2025-07-29
4951;2395.935;Wigoltingen;2016;206023;3788.934;2410;1392.999;;e7eab02c-055f-44cf-bf3d-b6459a2ffcf7;2025-07-29
4791;1257.905;Wuppenau;2016;95684;1269.788;1133;11.882;;7931bbcb-9289-4d3d-9317-8d5f2e066f33;2025-07-29
4901;1864.338;Birwinken;2017;105934;1864.338;1350;;;cb062b1e-119b-4215-9510-60491e5a0eb3;2025-07-29
4406;600.199;Dozwil;2017;49436;780.215;704;180.016;;522edc36-8e3c-4d8c-98a6-defd089229d5;2025-07-29
4411;5618.087;Egnach;2017;413633;7835.708;4692;2217.621;;9c06d7c9-a813-4f04-8442-8b25b0b18657;2025-07-29
4811;1510.088;Herdern;2017;93753;1510.088;1028;;;a7d13acd-9d8e-447a-88ef-b44db1de8c3e;2025-07-29
4741;1604.406;Lommis;2017;98316;1604.406;1223;;;cb223577-4a12-4d83-ae40-9753cd16fe35;2025-07-29
4841;1858.784;Pfyn;2017;163641;3342.929;1992;1484.145;;f02b0d85-8112-4188-a91c-43a538f779d4;2025-07-29
4846;510.325;Raperswilen;2017;34774;510.325;394;;;95d12210-1dc4-42b6-b451-d966d25b0bac;2025-07-29
4616;1590.973;Uesslingen-Buch;2017;100033;1590.973;1092;;;4fd1288f-e157-4349-98d2-f7f6e9f50535;2025-07-29
4786;1266.955;Wilen (TG);2017;187635;3533.52;2496;2266.565;;5215277a-817b-46b0-be97-f3c9a4ce26d6;2025-07-29
4461;14464.613;Amriswil;2018;1125790;20878.392;13460;6413.779;;9bc0b38f-4bdc-4b01-b342-7c2b69a275df;2025-07-29
4716;1264.792;Bettwiesen;2018;87823;1509.735;1241;244.943;;5d71235a-188a-4446-9081-e381d2b41c88;2025-07-29
4643;1626.256;Bottighofen;2018;197764;3133.355;2219;1507.099;;0e2e20d1-a82f-4961-b603-fbe768ac7af0;2025-07-29
4411;5231.057;Egnach;2018;419206;7338.82;4702;2107.763;;9cec5423-74a3-4a04-b7e7-a774712382c3;2025-07-29
4724;3006.054;Eschlikon;2018;398363;6450.751;4357;3444.697;;c2806162-bb40-4950-a203-9c2cb2f45311;2025-07-29
4571;3528.913;Gachnang;2018;333297;5452.527;4347;1923.116;0.498;c962e756-f595-4eff-b326-f3b17dd77320;2025-07-29
4651;374.747;Gottlieben;2018;40339;854.807;337;480.06;;8e93c404-1176-4136-8ac1-a50447c06e86;2025-07-29
4811;1377.117;Herdern;2018;95476;1377.117;1077;;;77034b73-b0c2-4633-aa6d-b893364f1d4d;2025-07-29
4821;1425.758;Hüttwilen;2018;169626;2167.448;1726;741.69;;0b8d4244-c42a-43ea-bf40-b1f0a79b05ff;2025-07-29
4591;2261.715;Matzingen;2018;219543;3741.759;2895;1480.044;;30cb00ff-48eb-4870-8f0d-f9e1251a6b70;2025-07-29
4761;6486.69;Sirnach;2018;658182;13014.144;7733;6527.454;;a6794bca-928f-4079-b117-db4982c178f0;2025-07-29
4786;1202.24;Wilen (TG);2018;189282;3359.973;2512;2157.734;;b93456c6-bf42-4f2f-89b7-8ca850eaedf9;2025-07-29
4551;6958.569;Aadorf;2019;717673;12339.144;9028;5380.575;;3c2e9e50-b115-47a3-97d2-9eef3491a930;2025-07-29
4401;17694.363;Arbon;2019;1203129;24320.553;14718;6626.189;;02a0d76b-366b-4700-802b-3f1789f6cc63;2025-07-29
4891;2452.604;Berg (TG);2019;300867;5209.322;3444;2756.717;;0566b3f2-160e-4058-b505-9aa04bc20c1c;2025-07-29
4495;683.739;Hohentannen;2019;57328;683.739;584;;;6a87e918-46ce-4574-be00-e144721ae80f;2025-07-29
4751;2870.179;Rickenbach (TG);2019;227181;4683.861;2798;1809.31;4.371;265345a1-1f86-4ab5-8aea-8afd1b2c76cd;2025-07-29
4851;1882.06;Salenstein;2019;154153;2736.905;1364;851.005;3.84;1decdfea-79c7-44c4-b759-9e01e2f6992f;2025-07-29
4701;1350.25;Wäldi;2019;120138;1473.373;1049;123.123;;08fc35ec-68f2-4ac6-82fa-dd3cf1fc3b16;2025-07-29
4781;5683.447;Wängi;2019;375718;7017.749;4742;1334.301;;336a64dc-314f-4c02-93a1-2f3dcd83d72f;2025-07-29
4901;1793.322;Birwinken;2020;109340;1793.322;1330;;;e0dc540c-8266-4c6a-91f9-d162328c5235;2025-07-29
4643;1497.995;Bottighofen;2020;209812;3182.326;2392;1684.331;;35b710f8-cfc2-4b93-848c-2b279216c869;2025-07-29
4681;1003.731;Langrickenbach;2020;124544;1005.172;1338;1.44;;985e7058-92f9-47a5-98a7-828568eb4c38;2025-07-29
4683;1556.931;Lengwil;2020;148043;1869.956;1723;313.026;;7d425286-902f-4a47-b50d-e78b2e986efe;2025-07-29
4741;1502.036;Lommis;2020;101110;1502.036;1237;;;b4fac2dd-77d6-4131-b7fe-69fee04779ea;2025-07-29
4691;3763.776;Münsterlingen;2020;336223;8938.683;3492;5173.864;1.043;668210ff-68de-4ff3-8c00-af33876f77e3;2025-07-29
4841;1724.636;Pfyn;2020;171150;3203.692;2094;1479.056;;dc7ab403-a4e2-4412-84dd-f86bea37c762;2025-07-29
4751;2796.7;Rickenbach (TG);2020;232992;4537.066;2823;1734.521;5.845;26f58779-36c1-4000-a60b-46fba984cc93;2025-07-29
4436;9104.582;Romanshorn;2020;964648;18851.666;11296;9731.568;15.516;2dcc584a-a2ba-49eb-a1f7-8df23d6d14eb;2025-07-29
4446;655.783;Sommeri;2020;66676;655.783;622;;;ddc23388-7508-4c34-bae9-296fb8dba8fe;2025-07-29
4701;1333.027;Wäldi;2020;120357;1450.438;1055;117.411;;70f89eac-41b7-4c2c-99c4-5dbd8e93a4c1;2025-07-29
4946;6033.165;Weinfelden;2020;1172525;20696.004;11588;14655.127;7.712;5bdde399-3051-401d-a5f3-346b9ca620b8;2025-07-29
4786;1165.675;Wilen (TG);2020;194160;3427.764;2518;2262.089;;b24d0668-ca09-42aa-b8eb-fcaafdf485ce;2025-07-29
4411;5754.849;Egnach;2021;433518;8236.42;4802;2479.742;1.83;451dfdf4-9e5e-450d-af51-0cba60f61e52;2025-07-29
4656;1797.372;Güttingen;2021;167250;3112.698;1688;1313.015;2.31;94c09a39-7a60-4406-ac87-4ca622dcec2f;2025-07-29
4426;712.617;Kesswil;2021;84303;1799.6;994;1081.356;5.628;424a9723-5b6b-44b4-89f4-0f1a2e5a32fb;2025-07-29
4501;3527.016;Kradolf-Schönenberg;2021;307459;6098.434;3646;2571.418;;2e743764-9bb5-4815-8b1a-2d5e31aa7344;2025-07-29
4671;23012.614;Kreuzlingen;2021;1883442;40932.69;22528;17920.077;;1d576522-c361-4e80-9640-992fba568435;2025-07-29
4746;5432.975;Münchwilen (TG);2021;494087;8719.323;5826;3286.348;;b2c71448-a534-4c4f-b094-583468b1f95a;2025-07-29
4841;1973.394;Pfyn;2021;178329;3696.606;2206;1723.212;;af1517a1-775f-45f4-9d0f-194ab5d229d5;2025-07-29
4851;1992.423;Salenstein;2021;155471;2944.577;1422;947.759;4.395;3a3d1282-fcce-4ccf-baac-cd001932b457;2025-07-29
4864;5239.583;Steckborn;2021;355578;8534.213;3915;3292.966;1.665;751bc565-579c-4fb1-a8b3-1fa190f5c054;2025-07-29
4696;4041.93;Tägerwilen;2021;430781;7145.832;5054;3103.901;;b95c06bd-89de-4e8a-ae16-6e74a3d010dc;2025-07-29
4701;1488.737;Wäldi;2021;120052;1630.97;1071;134.937;7.296;bd8d0a8b-edd8-49c9-8865-b0584ea8222c;2025-07-29
4511;2709.034;Zihlschlacht-Sitterdorf;2021;219538;4116.543;2473;1387.708;19.801;db19d4bd-21e6-43ea-82e7-6ecce4b81283;2025-07-29
4411;4502.153;Egnach;2022;435302;6526.334;4888;2022.705;1.476;42913a9a-6470-4016-9bc2-8be2b8dcaa38;2025-07-29
4656;1478.134;Güttingen;2022;172946;2555.945;1708;1074.67;3.141;1a11e5a2-1a4c-4047-9597-d28ebb9014d1;2025-07-29
4821;1217.738;Hüttwilen;2022;177183;1868.424;1763;650.686;;43d9d233-6a7c-4e09-aa0e-6cc231a074d4;2025-07-29
4591;2033.424;Matzingen;2022;233104;3428.506;3102;1395.082;;9b3cf34a-2d88-41bd-9016-6e9321606574;2025-07-29
4746;4238.592;Münchwilen (TG);2022;497567;6982.984;5823;2742.08;2.311;f71463a8-0e2c-412d-824f-600a4e3a4e3f;2025-07-29
4601;914.73;Neunforn;2022;108309;914.73;1082;;;8316adc3-9b5f-479d-928d-9d83d7c85347;2025-07-29
4946;5535.486;Weinfelden;2022;1201572;18276.488;11848;12736.766;4.236;4264f74a-e918-4b4b-bd7b-ff0fc756b014;2025-07-29
4891;1852.967;Berg (TG);2023;313548;4160.995;3529;2308.029;;c6dbff1d-3a9f-4f34-958f-7d33d608fcea;2025-07-29
4921;1690.418;Bussnang;2023;211445;2556.903;2568;862.122;4.362;3b4f49bf-354b-4ba3-9282-461a51cc582a;2025-07-29
4651;345.038;Gottlieben;2023;45087;846.451;337;501.413;;b46dd0d3-a32a-46aa-8c4d-44cec7bb2ead;2025-07-29
4826;1559.599;Mammern;2023;314976;1963.324;686;403.725;;cee8ab39-d192-48c5-a055-3ead42a9f59e;2025-07-29
4746;3931.348;Münchwilen (TG);2023;499066;6497.402;5874;2563.849;2.205;005e1b8b-0b80-4272-beae-6c5a475d5a43;2025-07-29
4436;7794.969;Romanshorn;2023;995169;16163.755;11587;8368.785;;921fb86f-e0e1-49c2-93d9-6152191360e6;2025-07-29
4546;1966.075;Schlatt (TG);2023;160584;2249.339;1876;280.725;2.539;e67428d4-a409-45c3-b3f6-aefe938cf1d4;2025-07-29
4606;500.087;Stettfurt;2023;106609;1216.94;1250;716.852;;b0f59200-b277-4c03-bf4e-116a38a44073;2025-07-29
4696;3019.726;Tägerwilen;2023;455730;5299.482;5311;2279.757;;a52ac0df-1249-41bf-b012-1ac05ac189c3;2025-07-29
4946;5125.25;Weinfelden;2023;1227004;17194.414;12142;12065.123;4.042;4477f051-e4a7-49a9-85cd-0ac50628e060;2025-07-29
4536;2644.274;Basadingen-Schlattingen;2015;154947;2692.743;1807;48.469;;8a3ddc1c-3487-43d2-a0b6-a68882b719b7;2025-07-29
4901;1747.233;Birwinken;2015;104775;1747.233;1354;;;c8afc48d-5efd-49b2-8eb9-7e8c3f18d2a4;2025-07-29
4646;2833.585;Ermatingen;2015;299672;5531.161;3199;2697.576;;60930a1e-e98b-416c-b80a-0ff2ecf35a04;2025-07-29
4726;3422.444;Fischingen;2015;247170;3422.444;2638;;;80b34ebc-ce3d-40e1-81ec-4c7656afa2e2;2025-07-29
4656;1542.126;Güttingen;2015;145184;2550.669;1574;1006.658;1.885;c36f6480-0ef6-4c77-a344-1e1fe451deb1;2025-07-29
4486;2352.17;Hauptwil-Gottshaus;2015;161914;3202.383;1910;850.213;;6edf49ae-fd8d-45e5-a8af-51f29928c525;2025-07-29
4590;723.785;Hüttlingen;2015;73772;726.847;829;3.062;;447bf777-f1a7-4985-b993-ea00d5331300;2025-07-29
4781;5532.008;Wängi;2015;352979;6704.066;4576;1172.059;;c6572944-8d29-4017-bff4-c645794c35d7;2025-07-29
4511;2612.343;Zihlschlacht-Sitterdorf;2015;188824;3640.445;2247;1011.947;16.155;72e1b50e-7b97-4cc9-a442-f9695b885a2d;2025-07-29
4681;1093.962;Langrickenbach;2016;114018;1093.962;1279;;;7801995c-bfa1-4d31-bf54-19a15f927ab8;2025-07-29
4756;882.463;Schönholzerswilen;2016;74067;882.463;839;;;bc540d13-c5d1-4ef3-8362-5f4e5c625e76;2025-07-29
4946;6186.39;Weinfelden;2016;1104105;21218.321;11241;15024.173;7.758;fb7c1566-d876-43e1-a40b-9c2490399cc8;2025-07-29
4641;1675.121;Altnau;2017;205127;2688.599;2206;1013.479;;eb5b22e7-7826-4a4b-9fe7-811b4889b8a0;2025-07-29
4666;3221.281;Kemmental;2017;235014;3336.83;2482;111.628;3.92;6982b6fd-1190-49d8-927a-c6cea6b9ca28;2025-07-29
4746;5028.849;Münchwilen (TG);2017;466592;7958.141;5538;2929.293;;105e4ba9-c436-42bf-b132-d886c666797b;2025-07-29
4646;2638.287;Ermatingen;2018;334276;5348.724;3454;2710.437;;54dd8f43-9981-4bca-9702-cf502ab5e9e2;2025-07-29
4590;663.231;Hüttlingen;2018;74866;663.231;843;;;9086d672-657d-46d5-89cb-8dab41ecd12a;2025-07-29
4941;2358.003;Märstetten;2018;233169;4121.043;2885;1762.423;0.617;1ef6486e-8154-49e0-95c6-a3449fd70bc6;2025-07-29
4776;2036.783;Tobel-Tägerschen;2018;136544;2395.476;1601;358.693;;9b436114-10d3-41b2-9cb1-003202b6c1d1;2025-07-29
4461;15230.314;Amriswil;2019;1146011;22076.313;13745;6845.999;;54750dbc-7a54-49dc-871c-86def4822628;2025-07-29
4566;17266.723;Frauenfeld;2019;2359992;46945.002;25622;29654.622;23.657;78c10922-7e5e-4b90-8e37-c4e71f1ebbfe;2025-07-29
4811;1434.974;Herdern;2019;98224;1452.05;1111;14.114;2.962;8ec3c4a1-f687-4b30-8aeb-a547a2a6af28;2025-07-29
4831;2050.234;Müllheim;2019;226405;4550.399;2995;2500.165;;cc332d48-43da-4df4-9bf5-e8803c289ad0;2025-07-29
4696;3800.607;Tägerwilen;2019;398090;6478.118;4765;2677.511;;86586004-3632-4e4f-9807-9091b428ce42;2025-07-29
4786;1202.208;Wilen (TG);2019;192665;3484.051;2515;2281.843;;db4e270f-c880-4c6b-859b-227dabf7311f;2025-07-29
4426;639.244;Kesswil;2020;84186;1581.27;997;937.244;4.782;8afcead3-c7fe-4390-9f0e-df5623f27bb1;2025-07-29
4941;2393.466;Märstetten;2020;235237;4228.919;2887;1835.454;;cea8ad36-1b82-4736-bc36-e3a3ebfeb259;2025-07-29
4431;4260.587;Roggwil (TG);2020;287022;4962.295;3253;701.708;;1453a47e-0115-40cf-a1ec-146c707a3939;2025-07-29
4756;843.649;Schönholzerswilen;2020;77880;843.649;839;;;7801748d-58a7-4398-9885-9ee6ec359864;2025-07-29
4864;4567.507;Steckborn;2020;353645;7409.191;3828;2840.269;1.415;5c948a27-22f4-49fe-b531-47072bd79b6a;2025-07-29
4616;1418.883;Uesslingen-Buch;2020;101155;1418.883;1090;;;896891b4-8e5d-495a-b3a5-a9f0487cc73a;2025-07-29
4871;2370.738;Wagenhausen;2020;172413;2932.764;1765;562.026;;edff89f4-edc4-4d8e-b86b-e0e65ce23137;2025-07-29
4536;3080.685;Basadingen-Schlattingen;2021;170906;3149.733;1835;69.047;;be54a907-3df1-4d19-9c48-b6e8b9d40e97;2025-07-29
4891;2603.391;Berg (TG);2021;303934;5713.877;3439;3110.487;;28dd2d93-d34c-4c84-89a8-2df95fc1c1b4;2025-07-29
4471;8214.802;Bischofszell;2021;503717;11345.649;5954;3130.847;;1e6e8af8-0ffe-47da-ae57-c3933c447002;2025-07-29
4545;4117.381;Diessenhofen;2021;354427;7238.028;4098;3119.063;1.584;47ced226-db2f-4fd3-aa09-51fe26d0de7b;2025-07-29
4486;2491.977;Hauptwil-Gottshaus;2021;172801;3518.098;2032;1026.121;;b4f76f0f-c3fe-4df2-9730-bcdff07107d0;2025-07-29
4421;2266.29;Horn;2021;248263;4265.271;2882;1998.981;;623ad3f8-30f5-4852-b8f0-a9c186993140;2025-07-29
4831;2219.866;Müllheim;2021;238908;5153.538;3173;2933.672;;c041aa0d-48b7-4a17-9fbb-7f130ab621a5;2025-07-29
4946;6886.628;Weinfelden;2021;1188338;23776.614;11643;16881.682;8.305;b5c04e59-25e8-4275-8e00-f6397d97101b;2025-07-29
4641;1400.72;Altnau;2022;219696;2338.429;2347;937.71;;1b5285a1-d335-49e0-b1b8-58c9ae1f69e9;2025-07-29
4716;1104.761;Bettwiesen;2022;91549;1361.24;1273;249.14;7.34;aa46011c-650f-41fe-9872-de2c276d0b82;2025-07-29
4683;1349.324;Lengwil;2022;156606;1642.243;1754;292.918;;9d917fa3-64cc-4579-92d8-76cb344cb995;2025-07-29
4826;1591.875;Mammern;2022;314455;2032.577;691;440.702;;c88bfd05-2562-4964-86da-a7a659a504d5;2025-07-29
4841;1581.124;Pfyn;2022;177259;2947.542;2201;1366.418;;1a6f1d5b-1cb7-493b-bdce-d5ed0173741c;2025-07-29
4846;373.513;Raperswilen;2022;37188;373.513;435;;;5ed70525-2c90-4f94-87f7-12446ad3c8f1;2025-07-29
4506;3001.01;Sulgen;2022;363181;6152.594;4046;3141.338;10.246;0962bdba-b6de-4d8b-8503-d85bbc475df5;2025-07-29
4871;2185.18;Wagenhausen;2022;174170;2716.703;1780;531.523;;87b5d3b2-3f31-47e4-b997-5d4ca83e147a;2025-07-29
4536;2160.994;Basadingen-Schlattingen;2023;173896;2234.709;1832;73.715;;e20dc5e5-3417-43a5-9466-d3dddbc3331d;2025-07-29
4426;679.962;Kesswil;2023;93154;1427.414;995;743.122;4.33;772e0806-dff6-45ea-9d43-3d0a97ba6b3e;2025-07-29
4846;351.909;Raperswilen;2023;37188;351.909;421;;;3357479e-673b-4977-b12c-cbe01d7ca55f;2025-07-29
4751;2236.027;Rickenbach (TG);2023;242384;3787.286;3052;1537.955;13.304;c5b72d9e-05eb-4bfb-9f0b-21fb60b081ae;2025-07-29
4401;18672.654;Arbon;2015;1122324;23927.831;14184;5255.178;;765a10c9-7f91-4992-8982-bd8981bdc950;2025-07-29
4721;2835.877;Bichelsee-Balterswil;2015;230062;3014.786;2790;178.909;;6dea0f9c-67d2-4935-8aa2-2adbee381486;2025-07-29
4821;1526.434;Hüttwilen;2015;160249;2229.316;1665;702.882;;1395d9fb-7ce8-42c0-a9e1-f44e69e6c4bb;2025-07-29
4941;2375.527;Märstetten;2015;221743;4150.553;2744;1774.411;0.615;3102b464-5d47-4488-be2e-d79e5c372b3f;2025-07-29
4691;3898.547;Münsterlingen;2015;302977;8911.169;3187;5006.67;5.952;ee4b1b11-708a-4fc5-af9d-6f9684a294fd;2025-07-29
4851;1820.037;Salenstein;2015;143921;2597.83;1281;774.208;3.585;d109c832-0f6b-4aef-b156-6e508921650b;2025-07-29
4786;1203.647;Wilen (TG);2015;183050;3351.149;2456;2147.502;;f1138f26-a696-4938-92ee-5a62f6a40267;2025-07-29
4571;3806.272;Gachnang;2016;319629;5669.004;4211;1862.213;0.519;f6beb587-0559-4e5c-8059-293ddb032e30;2025-07-29
4486;2450.919;Hauptwil-Gottshaus;2016;163339;3313.783;1917;862.863;;6715340f-1d1f-474b-b699-3a07e5823796;2025-07-29
4590;759.093;Hüttlingen;2016;74449;759.093;837;;;214cfb05-932d-437f-a2db-4d8cded85b3a;2025-07-29
4436;9717.493;Romanshorn;2016;909242;19383.258;10770;9649.343;16.423;b0f0d84c-aae5-4014-b736-4a6a8f106d1a;2025-07-29
4616;1570.229;Uesslingen-Buch;2016;97937;1570.229;1075;;;0702c2eb-4d17-47ab-84ab-0f372c5d4767;2025-07-29
4781;5816.076;Wängi;2016;360786;7047.922;4614;1231.847;;7f575da3-4d3d-476d-bc39-f76e2c1db4da;2025-07-29
4511;2688.116;Zihlschlacht-Sitterdorf;2016;192484;3783.989;2267;1078.947;16.926;2166c2aa-eb17-4a28-a0a9-7403e70c61ac;2025-07-29
4401;19045.221;Arbon;2017;1165214;25000.857;14430;5955.635;;00743fc5-3a0b-41d9-89d9-5581969f08e2;2025-07-29
4721;2954.091;Bichelsee-Balterswil;2017;231445;3142.784;2835;188.693;;33fd88f3-0681-4654-9dbf-91e7f7637384;2025-07-29
4643;1802.088;Bottighofen;2017;195938;3279.995;2164;1477.908;;455db4b8-c922-40c8-8728-40f1ee03897b;2025-07-29
4656;1636.226;Güttingen;2017;152694;2695.322;1604;1057.094;2.002;c22b95b9-9e5f-4ea2-9eb9-7e87c978bddb;2025-07-29
4590;723.414;Hüttlingen;2017;75042;723.414;834;;;f40b5722-9989-4e79-9da5-700979d4994d;2025-07-29
4826;1642.442;Mammern;2017;65254;2145.186;648;502.744;;01cd67b3-9706-4260-ad66-1f57072c1301;2025-07-29
4776;2220.419;Tobel-Tägerschen;2017;136188;2527.57;1592;307.151;;d0820d6b-4337-48c7-80ad-73d7e944191e;2025-07-29
4946;6288.458;Weinfelden;2017;1131206;21353.471;11338;15056.261;8.752;2aa74d44-f144-4536-a1de-e8b3550854d7;2025-07-29
4901;1759.727;Birwinken;2018;107570;1759.727;1321;;;fac616e4-e8ef-4b33-9e4d-4c3c1d3d9947;2025-07-29
4723;785.316;Braunau;2018;66482;785.316;778;;;a6aa75fd-8a19-4ccd-9b7f-6a9afefd8c84;2025-07-29
4806;1369.418;Eschenz;2018;149967;2751.027;1741;1381.609;;87976441-b748-4313-af68-51a247d5c8a4;2025-07-29
4416;1095.728;Hefenhofen;2018;106507;1767.756;1193;672.028;;364d6d61-8d3e-4588-890a-d279420a3dec;2025-07-29
4426;656.154;Kesswil;2018;82833;1589.205;989;928.442;4.608;5d6a30cb-0e04-4f85-b537-8c528acb4648;2025-07-29
4671;20111.275;Kreuzlingen;2018;1807331;34835.899;21990;14724.624;;359d1ae8-f204-43de-97ed-9726c6ca468c;2025-07-29
4746;4699.537;Münchwilen (TG);2018;470558;7408.893;5607;2709.357;;a1368c54-cdb2-4a2b-ac21-ba9d1a968220;2025-07-29
4436;9236.221;Romanshorn;2018;944312;18530.91;11114;9279.738;14.952;eb7370e1-fec4-44f3-a4d8-62a21ba0a93f;2025-07-29
4546;2285.889;Schlatt (TG);2018;151108;2570.81;1698;284.921;;71b7778f-69a0-408b-a6fa-cd63dae6c504;2025-07-29
4756;842.584;Schönholzerswilen;2018;75495;842.584;866;;;9645b7dc-5966-44f9-9a16-ba42f35d277d;2025-07-29
4606;694.337;Stettfurt;2018;101736;1546.787;1207;852.45;;80734a04-40df-41ca-baca-d9098c21a4ce;2025-07-29
4616;1445.257;Uesslingen-Buch;2018;100103;1445.257;1085;;;01cf1625-1594-47e7-aa8a-c37833c9c2e7;2025-07-29
4476;3379.98;Erlen;2019;286990;5532.563;3764;2152.583;;07233911-6fac-4c91-b541-735f51acd89f;2025-07-29
4426;661.372;Kesswil;2019;85124;1642.254;1000;975.964;4.917;c681f1ac-10e9-484a-977e-ec937fb6e57f;2025-07-29
4616;1488.068;Uesslingen-Buch;2019;99826;1488.068;1078;;;b74ace01-92ec-4466-bf43-71a76b40ebee;2025-07-29
4881;1861.851;Amlikon-Bissegg;2020;134989;1861.851;1329;;;cd521e23-d8cb-4e58-8c7d-0994eef87aef;2025-07-29
4716;1276.475;Bettwiesen;2020;88592;1536.592;1225;260.118;;03e624e9-07b3-4504-bb4b-03648e194745;2025-07-29
4723;768.259;Braunau;2020;69553;768.259;801;;;7fa336fe-3cd7-444c-a93c-c3ead932758c;2025-07-29
4566;16450.336;Frauenfeld;2020;2374361;45031.864;25810;28569.812;11.716;138e2679-3200-4218-b2d1-8c02c72780bd;2025-07-29
4590;677.58;Hüttlingen;2020;75435;677.58;825;;;f4412366-843a-4672-81ba-06675d7661e8;2025-07-29
4781;5384.003;Wängi;2020;377432;6697.752;4740;1313.749;;f151e87a-2f6d-41aa-b71f-a64b8130c073;2025-07-29
4951;2259.712;Wigoltingen;2020;222055;3684.914;2560;1425.202;;3faee170-2f19-4f99-b259-f3ced28cd936;2025-07-29
4711;3923.617;Affeltrangen;2021;231656;4523.166;2683;569.617;29.933;a27c8197-db4e-4da0-a925-33e7083d45cf;2025-07-29
4406;705.968;Dozwil;2021;54828;901.51;685;195.541;;535aaed9-d83c-470c-8c16-5e1c4fe0a168;2025-07-29
4476;3612.468;Erlen;2021;292076;6038.204;3838;2425.736;;388d020d-a5e7-4a4e-af08-d6ac0261970d;2025-07-29
4571;3626.388;Gachnang;2021;356738;6095.768;4507;2468.773;0.608;2459ef5a-356a-490c-8ca6-1dbbf3f54547;2025-07-29
4441;1666.942;Salmsach;2021;109214;2556.805;1491;889.864;;abf9a20e-7b54-4c4a-8457-6fe50fd8094e;2025-07-29
4901;1529.727;Birwinken;2022;113753;1537.345;1378;7.618;;1aac8e8b-c75e-4550-b2ed-0a673aee93e7;2025-07-29
4806;1209.185;Eschenz;2022;166509;2491.436;1885;1282.251;;7e5d689e-bd18-4a73-b0fe-6c8e637d94d9;2025-07-29
4691;3362.904;Münsterlingen;2022;340170;8548.248;3511;5184.355;0.989;6201b041-dada-455a-92d2-64d9e327a324;2025-07-29
4786;846.962;Wilen (TG);2022;195015;3064.382;2499;2215.15;2.269;99ccddd9-0915-48d7-b58e-11fbb43666cf;2025-07-29
4791;968.479;Wuppenau;2023;103419;968.835;1190;0.356;;db3b0314-427c-4d4a-867f-dc72c542ec1c;2025-07-29
4471;7274.472;Bischofszell;2015;473305;9615.623;5861;2341.152;;8e9b72b6-e125-4f09-88c4-900cd478d803;2025-07-29
4545;3712.843;Diessenhofen;2015;311845;6156.502;3646;2442.367;1.292;21722bf1-2890-46d1-b475-1003f97f88a4;2025-07-29
4406;600.631;Dozwil;2015;47564;765.163;681;164.533;;62a87d46-33a2-41c9-92d3-775ade84c303;2025-07-29
4683;1757.998;Lengwil;2015;138528;2022.74;1653;264.742;;71f9f465-4e62-46ce-926f-aba9970e9690;2025-07-29
4431;4462.419;Roggwil (TG);2015;249507;4961.583;2947;499.164;;b3c07da9-5ad3-4374-a0fb-aef8a781d29a;2025-07-29
4871;2312.321;Wagenhausen;2015;162406;2870.859;1672;558.539;;14e17ab9-fee1-4a61-aaf2-de1f9f792fc9;2025-07-29
4711;3502.449;Affeltrangen;2016;216040;3999.997;2513;479.861;17.688;68cc83e6-99aa-495b-806c-75bdb0ca072c;2025-07-29
4831;1980.989;Müllheim;2016;215748;4434.537;2930;2453.547;;fce015d6-0b74-4c50-95e8-87a9c3f12351;2025-07-29
4546;2419.542;Schlatt (TG);2016;141202;2710.168;1657;290.626;;7c223b2d-2b7e-48ce-ace3-7ac725877a71;2025-07-29
4701;1403.148;Wäldi;2016;115296;1507.867;1050;104.719;;b3557b8b-491b-427d-b0ba-809c8eca92c0;2025-07-29
4711;3590.313;Affeltrangen;2017;222378;4100.489;2558;492.243;17.933;66ca5872-222c-4ab6-90c1-5aa3ac3a8f63;2025-07-29
4683;1736.48;Lengwil;2017;144811;2017.876;1709;281.396;;6b924f15-83e2-41bf-873a-664ca6b9c8c9;2025-07-29
4696;3817.921;Tägerwilen;2017;373936;6414.359;4602;2596.438;;e811f732-dc01-406d-b715-9ce62d1606d3;2025-07-29
4721;2779.825;Bichelsee-Balterswil;2018;234584;2956.385;2863;176.56;;7c629202-765f-46c9-a593-188787cb42a9;2025-07-29
4851;1784.005;Salenstein;2018;148365;2570.131;1318;782.527;3.599;445b4fb1-b98e-4328-a518-5f2e5c6148f6;2025-07-29
4621;1666.074;Warth-Weiningen;2018;125535;2023.818;1341;357.745;;98823711-51d7-4241-9db1-71fb965f7cad;2025-07-29
4643;1727.251;Bottighofen;2019;205528;3295.864;2295;1568.614;;bb4b89cd-7f78-45a7-94e9-ed5c8da47219;2025-07-29
4406;597.565;Dozwil;2019;50955;770.96;684;173.395;;a085a48f-a7c7-4dac-8845-77280ad6c5cf;2025-07-29
4571;3605.437;Gachnang;2019;339242;5747.701;4443;2141.733;0.531;5291e797-ee92-41c3-b1a4-5b30868c4306;2025-07-29
4546;2384.994;Schlatt (TG);2019;153560;2687.513;1771;302.519;;dcbaf10a-fd1d-4345-b4e2-34f796598700;2025-07-29
4951;2348.698;Wigoltingen;2019;218130;3820.764;2456;1472.066;;ac9bae20-badb-4a02-9bc5-befe78fd882b;2025-07-29
4461;14600.662;Amriswil;2020;1161074;21390.804;14157;6790.141;;b5c50919-e987-46e7-9b36-87ee3a2ab8d1;2025-07-29
4724;2825.875;Eschlikon;2020;411440;6222.234;4564;3396.36;;0b11a2cf-2ae6-4f46-8658-cede7277a56d;2025-07-29
4816;1485.751;Homburg;2020;151767;1492.127;1544;;6.377;8f93951b-c1d3-440a-b873-e6823c6d23a8;2025-07-29
4776;1918.909;Tobel-Tägerschen;2020;140159;2402.283;1588;483.374;;de5447c1-4ffc-47b0-b300-6f6c08b6a2b6;2025-07-29
4571;2536.286;Gachnang;2023;363970;4446.68;4585;1909.926;0.468;6ccbdd6d-a1aa-498a-a0a0-795fdd18aee9;2025-07-29
4683;1214.288;Lengwil;2023;157863;1494.27;1772;279.982;;3c2908e6-2c63-4706-a182-32635de3483c;2025-07-29
4864;3797.504;Steckborn;2023;365149;6300.437;4002;2501.183;1.75;0c399be1-588e-431f-a110-9a6c04f8f370;2025-07-29
4701;1089.716;Wäldi;2023;124156;1212.722;1150;114.149;8.858;4bd24ef9-3fa0-40f9-970a-5a519dcaabcf;2025-07-29
4476;3333.034;Erlen;2015;274475;5258.696;3608;1925.663;;60baa003-3058-4873-8187-e446078d4f52;2025-07-29
4724;3122.628;Eschlikon;2015;381738;6536.587;4267;3413.959;;80bf239c-4754-4560-8fdb-ac32a927b407;2025-07-29
4561;3270.788;Felben-Wellhausen;2015;195726;3539.773;2686;268.985;;aa0c3974-d904-42dc-8deb-1777e851b359;2025-07-29
4566;17230.226;Frauenfeld;2015;2217401;44033.165;24733;26780.848;22.091;bc08c9be-4994-4ea6-9db9-860effb21007;2025-07-29
4571;3731.487;Gachnang;2015;305999;5381.39;3978;1649.408;0.496;f02b832e-18a6-4c95-8d8e-951588dc3bac;2025-07-29
4826;1606.894;Mammern;2015;66549;2118.685;625;511.791;;d186bec7-9336-476d-a442-a3a2aaa5c6de;2025-07-29
4441;1431.099;Salmsach;2015;97599;2116.69;1402;685.591;;14211b7b-d601-4b05-8176-3f81f52e5ae8;2025-07-29
4611;1665.926;Thundorf;2015;115953;1673.499;1427;7.574;;8ce67992-6c9d-4778-996d-026256ec1d41;2025-07-29
4776;2153.633;Tobel-Tägerschen;2015;132121;2436.662;1551;283.029;;13f02064-e00e-45fd-9e31-f0d5d2baecbc;2025-07-29
4461;15274.705;Amriswil;2016;1079187;21859.688;13293;6584.983;;d506dd9f-04f9-43d5-8926-6797eeed49a4;2025-07-29
4921;2263.391;Bussnang;2016;193263;3237.35;2261;971.999;1.96;43e997ff-eb5f-47cf-8d3e-29875cbb7e0c;2025-07-29
4545;3855.226;Diessenhofen;2016;323038;6420.815;3745;2564.235;1.354;265268e0-0ead-4296-b1fb-baf639e8b746;2025-07-29
4811;1500.939;Herdern;2016;87472;1500.939;1023;;;371abf00-9e71-4f64-9f72-43b5411b9e59;2025-07-29
4426;672.452;Kesswil;2016;80453;1650.284;992;973.021;4.811;9638f7ac-ca91-4386-9e61-17d15e60b411;2025-07-29
4501;3047.463;Kradolf-Schönenberg;2016;290748;5259.867;3529;2212.403;;8398a888-1641-4660-b10d-e5e271a1d4e6;2025-07-29
4591;2486.472;Matzingen;2016;199932;3923.955;2675;1437.483;;25409373-7309-44b3-81da-37d226a663fe;2025-07-29
4746;5074.245;Münchwilen (TG);2016;448131;7949.384;5353;2875.139;;23426f9a-94ed-4421-9b89-c90427fd9afe;2025-07-29
4441;1491.56;Salmsach;2016;101619;2225.113;1451;733.552;;2754c21b-d97d-411d-bb08-b6202039de9b;2025-07-29
4506;3451.919;Sulgen;2016;325140;6654.739;3703;3202.82;;3d3dc655-8a56-4810-99a5-f7809e49f1b4;2025-07-29
4871;2449.611;Wagenhausen;2016;164110;3032.47;1654;582.859;;ca51ca2d-20a6-4590-b714-e80f09df2241;2025-07-29
4536;2769.736;Basadingen-Schlattingen;2017;162303;2839.89;1807;69.506;0.647;6710e5c8-bb61-4b1c-a01a-3e6874d7d5b4;2025-07-29
4801;1248.25;Berlingen;2017;95750;2452.565;907;1203.601;0.715;54ce989d-b56c-4561-81be-4121129b95cc;2025-07-29
4471;7556.194;Bischofszell;2017;491381;10122.358;5974;2566.164;;47fbb596-d3c1-41ba-b2e9-ccbc155add0e;2025-07-29
4545;3882.734;Diessenhofen;2017;334971;6517.792;3889;2633.686;1.373;01cb80b0-c0a8-4673-a72f-3c37e2487531;2025-07-29
4646;2773.474;Ermatingen;2017;324881;5633.601;3371;2860.127;;d4e9d068-d6fa-405c-9485-1d114414e1c2;2025-07-29
4724;3257.712;Eschlikon;2017;388190;6897.49;4300;3639.779;;51c4ea41-db8e-46c3-8282-afa96b8908b5;2025-07-29
4566;17273.338;Frauenfeld;2017;2265352;46029.03;25297;28732.226;23.466;a57e1463-e841-4693-abc9-8aff865bb3c3;2025-07-29
4421;2407.285;Horn;2017;220621;4141.386;2737;1734.101;;a112c860-8bdf-4d36-9e20-bffcd56622a5;2025-07-29
4671;21728.608;Kreuzlingen;2017;1785405;37151.578;21795;15422.97;;f3a18a6c-d3b1-4f7f-bd09-c8e05108ffb6;2025-07-29
4941;2503.083;Märstetten;2017;232080;4360.717;2808;1856.98;0.653;64c1a879-41dd-4da7-9d41-5286ad10d593;2025-07-29
4601;1152.714;Neunforn;2017;95162;1152.714;1004;;;8fdfbda5-6a7b-495b-9b7d-4f015d3b8e99;2025-07-29
4441;1454.885;Salmsach;2017;103613;2238.568;1411;783.683;;73d408df-39dd-4899-bb83-f8b14537b47b;2025-07-29
4871;2479.564;Wagenhausen;2017;164115;3069.823;1647;590.26;;3d0ecdfd-efe1-49db-9aea-85f173ad16ed;2025-07-29
4701;1407.07;Wäldi;2017;116071;1513.018;1049;105.947;;bad8267b-d8f0-4932-b692-34679bfa24ac;2025-07-29
4551;6831.841;Aadorf;2018;712658;11806.509;9004;4974.668;;fa3182c9-8db8-4de3-9d09-417426b52190;2025-07-29
4711;3383.545;Affeltrangen;2018;223890;3861.94;2546;461.452;16.944;3229e463-e665-47bb-a3b5-b91f36012f2e;2025-07-29
4911;2844.962;Bürglen (TG);2018;291248;5846.573;3835;3001.611;;367ec140-24ac-4873-b158-fc2ad55702a7;2025-07-29
4476;3303.826;Erlen;2018;287366;5333.947;3737;2030.12;;8fd409ea-b1f2-4618-911f-088bdbf727d4;2025-07-29
4421;2238.67;Horn;2018;236000;3891.166;2748;1652.496;;af8f74d3-7dd2-471f-b8d8-d6d19d2a2c20;2025-07-29
4683;1662.74;Lengwil;2018;145887;1951.857;1726;289.117;;3530f83e-df05-40cf-b999-bd5fa03a875e;2025-07-29
4691;3707.753;Münsterlingen;2018;324048;8962.141;3476;5247.409;6.978;c2379f1d-03d6-4bfe-9779-a2617a8f8d55;2025-07-29
4431;4227.006;Roggwil (TG);2018;267250;4880.464;3059;653.458;;443af814-f40d-4d84-a12c-fadc09e9acc8;2025-07-29
4611;1574.073;Thundorf;2018;122944;1584.992;1436;10.919;;df1b121e-93c2-4b29-ac41-305bd2f9429a;2025-07-29
4791;1164.643;Wuppenau;2018;96766;1176.404;1111;11.761;;422d3840-ddb2-4695-b5c8-dc01a5be5242;2025-07-29
4511;2413.688;Zihlschlacht-Sitterdorf;2018;204922;3515.486;2385;1085.584;16.214;dc1a49b7-7254-450a-b233-a1f640daa089;2025-07-29
4801;1198.549;Berlingen;2019;99328;2477.356;894;1278.086;0.721;c759e8df-2ac4-4418-bca1-48e70dc47eab;2025-07-29
4921;2185.873;Bussnang;2019;204362;3183.486;2452;995.609;2.003;49877e34-beaf-4e38-a8be-40f5b15ad985;2025-07-29
4724;3024.066;Eschlikon;2019;407575;6515.246;4464;3491.18;;f619530a-71f2-4b0e-aad9-fd2cfe2f0dd8;2025-07-29
4683;1699.536;Lengwil;2019;147870;2010.361;1738;310.826;;74f1f95a-1c54-47a5-8e05-60e851fcd4f1;2025-07-29
4941;2503.082;Märstetten;2019;234707;4382.275;2884;1878.535;0.659;2b60979e-134d-473a-8952-06645f8a8ceb;2025-07-29
4691;3581.293;Münsterlingen;2019;334167;9247.362;3495;5658.623;7.446;69ba408b-faab-46e9-90cb-85c7cf6b22fe;2025-07-29
4841;1792.223;Pfyn;2019;167405;3300.642;2065;1508.419;;ec8ef4cd-8421-4c24-809b-3ca33bd16019;2025-07-29
4441;1467.95;Salmsach;2019;108419;2263.448;1454;795.498;;a982354f-b2e7-41d7-b278-cd88a08e3cbf;2025-07-29
4864;4846.152;Steckborn;2019;344854;7729.829;3736;2883.677;;f24d3f55-868b-4313-a514-c44046a8ac12;2025-07-29
4506;3540.338;Sulgen;2019;348206;6996.1;3901;3455.763;;6679c959-2fb9-4944-8b73-c9f40dd6b505;2025-07-29
4511;2559.798;Zihlschlacht-Sitterdorf;2019;214264;3772.166;2436;1195.067;17.301;a0e1b451-6120-4cdb-9db2-6fab9410a4d9;2025-07-29
4551;6685.198;Aadorf;2020;727993;12007.673;9198;5322.475;;2318259b-de5a-4f01-87d4-f992238cb9cd;2025-07-29
4641;1610.456;Altnau;2020;215496;2583.201;2336;972.745;;4b443bcd-deac-4c61-8713-6a05c067d858;2025-07-29
4891;2380.78;Berg (TG);2020;302485;5071.572;3420;2690.791;;91fed006-4398-4509-a271-a98bde6746a7;2025-07-29
4471;7194.615;Bischofszell;2020;498734;9853.178;5878;2658.563;;8a57fff5-987e-4dc7-846d-c0d02fbc1861;2025-07-29
4911;2841.921;Bürglen (TG);2020;302401;6021.096;3946;3179.175;;58917ed6-14ef-4e7c-9f5e-ae3239b67dda;2025-07-29
4921;2075.458;Bussnang;2020;207152;3091.054;2466;1013.647;1.948;a6fdfc55-acfd-40e6-871b-441c1aacf2ff;2025-07-29
4411;5184.914;Egnach;2020;432622;7353.596;4773;2167.288;1.394;481cd706-5ef4-49f0-bc35-7d7faba99d2e;2025-07-29
4476;3243.708;Erlen;2020;288516;5357.893;3794;2114.185;;5ed8b269-10b1-45bd-aaaf-57ade703d8df;2025-07-29
4806;1371.797;Eschenz;2020;161320;2798.855;1862;1424.189;2.869;ac101cfa-39e2-40c8-a6b7-7fb8e73365df;2025-07-29
4421;2077.611;Horn;2020;247426;3856.067;2883;1778.456;;54a49c3d-1dae-48d2-a93a-79c9c34bbbc8;2025-07-29
4826;1677.408;Mammern;2020;71164;2172.375;677;494.967;;f987cfb3-52a5-4103-8881-b092fe1d737e;2025-07-29
4601;1090.682;Neunforn;2020;105178;1093.128;1080;;2.447;b96e44d9-2248-475d-97fc-19233f832409;2025-07-29
4546;2313.902;Schlatt (TG);2020;155988;2607.024;1808;293.122;;a176f2cc-506b-4b4e-8642-2230b135f6a2;2025-07-29
4761;6531.386;Sirnach;2020;684585;12780.856;7887;6249.471;;4ecd6c0e-ea47-4aa4-a847-9f7a1f25cc2c;2025-07-29
4506;3475.863;Sulgen;2020;355233;6777.063;3943;3301.2;;b8b49d76-0268-48bd-a3b1-f2da34baffce;2025-07-29
4721;2859.53;Bichelsee-Balterswil;2021;241697;3072.349;3012;212.819;;c41a00dd-d62d-4489-a3a8-3583f3dc49c2;2025-07-29
4901;1980.299;Birwinken;2021;109727;1988.922;1330;8.622;;b5e2ab42-fe2d-4514-bb9b-084a997dc640;2025-07-29
4643;1659.731;Bottighofen;2021;224583;3607.505;2592;1947.774;;f26084c3-d30a-4d83-bc89-7243a8984825;2025-07-29
4806;1568.005;Eschenz;2021;162423;3195.636;1889;1621.065;6.566;9b017545-b4fa-4462-886c-5499d857eae6;2025-07-29
4561;3387.679;Felben-Wellhausen;2021;224833;3827.519;2963;436.044;3.796;c1ece0e8-da94-4cc9-9522-4046aacc3b14;2025-07-29
4651;494.096;Gottlieben;2021;41562;1080.217;335;586.122;;fe26e868-7312-4c9b-a9a4-594cbab1457a;2025-07-29
4601;1229.954;Neunforn;2021;105448;1237.835;1066;;7.882;86899892-6c2a-4252-ad7c-c06921b6558a;2025-07-29
4846;539.765;Raperswilen;2021;36442;539.765;418;;;a745c9e4-0a3c-4b4a-b6a7-8e8939b00667;2025-07-29
4776;2213.509;Tobel-Tägerschen;2021;140351;2764.0;1570;550.49;;134ef676-2684-43f9-80cb-c722e06da6d6;2025-07-29
4621;1881.381;Warth-Weiningen;2021;128864;2295.385;1372;414.004;;41ff9b6d-b745-4130-9b68-8708bff16733;2025-07-29
4536;2395.883;Basadingen-Schlattingen;2022;171244;2455.372;1845;59.489;;5af167d8-47c0-44b3-aec7-1f6fb2f6ec52;2025-07-29
4721;2269.606;Bichelsee-Balterswil;2022;243721;2447.725;2995;178.119;;d4a9146e-031b-490b-a3ad-3956c2ecef75;2025-07-29
4671;18530.456;Kreuzlingen;2022;1900342;33328.749;22774;14798.293;;52646d30-64e0-4368-add6-e07ac031f155;2025-07-29
4681;808.293;Langrickenbach;2022;129849;808.293;1441;;;fd17d448-3c64-4103-85c0-c8f600581d5f;2025-07-29
4436;8276.349;Romanshorn;2022;979594;17324.752;11491;9048.404;;fb904d1a-e9b6-4e3b-885b-8afd78a66c49;2025-07-29
4461;12225.919;Amriswil;2023;1200496;18172.271;14546;5946.352;;5b85a26c-291d-47ee-903f-1f0d75dde628;2025-07-29
4721;2037.518;Bichelsee-Balterswil;2023;246809;2205.442;3022;167.924;;f102794f-8b86-4439-98c5-1a26fa3ca7cb;2025-07-29
4643;1105.538;Bottighofen;2023;228608;2455.187;2681;1347.908;1.741;0eaca064-f242-4317-8229-28eb45e190db;2025-07-29
4566;13495.062;Frauenfeld;2023;2430267;37701.164;26461;24163.854;42.248;bbaa9457-ab78-4142-abcb-5e2ba47d5c98;2025-07-29
4816;1074.054;Homburg;2023;158846;1090.987;1567;;16.933;926a9f3d-3bab-40a2-bdde-973af6e0f01a;2025-07-29
4666;2470.538;Kemmental;2023;266236;2577.089;2774;104.145;2.406;ee29fbb2-e2c3-482e-bbf1-8b93d059e76e;2025-07-29
4671;16873.425;Kreuzlingen;2023;1927310;31158.59;23074;14282.759;2.406;2a50eefa-030e-400b-8543-5efb24848bcd;2025-07-29
4681;745.429;Langrickenbach;2023;132181;745.429;1476;;;c82a455d-9298-45cc-958b-9202577b4df6;2025-07-29
4851;1486.474;Salenstein;2023;158219;2192.925;1453;703.07;3.381;8ebfe345-1829-40ad-bbf6-753de20b6a81;2025-07-29
4756;702.157;Schönholzerswilen;2023;79184;702.157;889;;;1ea13d4d-8c24-4eaf-9282-438203511c6b;2025-07-29
4761;5550.916;Sirnach;2023;709982;11070.197;8069;5519.281;;5bf2711e-606a-49d2-b7de-694a63bda3a0;2025-07-29
4776;1586.416;Tobel-Tägerschen;2023;146060;2038.0;1637;451.584;;544cc828-7861-42cf-90cc-b92dd6c7eb36;2025-07-29
4616;1200.65;Uesslingen-Buch;2023;104337;1209.227;1123;8.577;;40dd9552-5fc2-43b1-98d5-8fa4d197a1eb;2025-07-29
4781;4335.933;Wängi;2023;391980;5478.489;4932;1142.557;;cd284f3f-1bda-44df-a2d3-fe119d4b3015;2025-07-29
4551;7104.492;Aadorf;2015;684033;11927.915;8793;4823.423;;125160bf-81db-4160-a421-40906104c803;2025-07-29
4891;2387.906;Berg (TG);2015;278467;4910.431;3299;2522.525;;d0259f48-2775-4ac9-9251-7d8396009758;2025-07-29
4401;19398.913;Arbon;2016;1151859;24941.712;14256;5542.798;;bd58f482-dbd2-4fa6-b798-72f7df09c02b;2025-07-29
4476;3422.257;Erlen;2016;277373;5446.49;3636;2024.233;;935442b4-55ba-473b-9afa-1e0756cf676f;2025-07-29
4724;3226.367;Eschlikon;2016;382370;6796.583;4296;3570.217;;c8e36de9-8d68-4a17-9dcf-e26d0bf6fbd5;2025-07-29
4656;1635.857;Güttingen;2016;149952;2687.315;1560;1049.483;1.975;b9bc1c97-b15a-4e8c-a721-16ec66a573f9;2025-07-29
4751;2937.097;Rickenbach (TG);2016;226703;4755.724;2768;1814.35;4.276;55008a02-97ba-4234-a8eb-306984247e96;2025-07-29
4606;735.713;Stettfurt;2016;99035;1619.44;1201;883.726;;01d9ba5c-d108-493c-99ca-621a30570576;2025-07-29
4621;1780.218;Warth-Weiningen;2016;118859;2172.584;1252;392.366;;bdc0be6a-34eb-4a0e-9511-37d9c3ec7c3f;2025-07-29
4891;2449.807;Berg (TG);2017;292324;5194.099;3321;2744.291;;cf8ff966-fb92-4615-acea-ec17b023ef36;2025-07-29
4451;1667.098;Uttwil;2017;151656;3194.653;1852;1527.555;;4f061a08-aadf-4b22-ba3a-6661dda69bfa;2025-07-29
4726;3355.966;Fischingen;2018;271528;3355.966;2783;;;da18b4af-3eae-42f8-8324-eaa25737299b;2025-07-29
4696;3571.665;Tägerwilen;2018;379933;6047.104;4635;2475.44;;52c708cc-4f46-4bdb-a6fb-181777e8d01f;2025-07-29
4641;1682.438;Altnau;2019;211189;2710.175;2280;1027.737;;374f76a6-b144-4a62-a37f-31bee3b87906;2025-07-29
4723;818.28;Braunau;2019;67095;818.28;814;;;d4843035-dbf0-4787-b43c-c5311e36c077;2025-07-29
4411;5531.231;Egnach;2019;426130;7753.873;4687;2221.209;1.433;0c417e63-2f52-4007-a9fe-d5b8babd7a1c;2025-07-29
4821;1469.03;Hüttwilen;2019;174660;2276.179;1769;807.149;;350eb885-8176-449e-99a5-6f72201f0957;2025-07-29
4791;1206.917;Wuppenau;2019;98412;1219.467;1118;12.55;;3cc92d09-6857-4ac7-b6a1-79964a218a76;2025-07-29
4721;2638.391;Bichelsee-Balterswil;2020;237062;2822.437;2949;184.047;;9d35fb57-7c49-4b0c-9220-2fae2f52ee09;2025-07-29
4416;1129.419;Hefenhofen;2020;115509;1842.528;1276;713.108;;b7280b75-dfac-405f-bc66-5d5fc683c699;2025-07-29
4746;4727.497;Münchwilen (TG);2020;485304;7561.219;5821;2833.722;;8fa3b1d8-7a79-43f3-824c-21e413668ef2;2025-07-29
4441;1431.745;Salmsach;2020;108469;2204.331;1470;772.586;;38d1c8f2-ff10-479d-a1dc-2403efd39456;2025-07-29
4451;1539.013;Uttwil;2020;159649;3049.353;1917;1510.341;;78202c9e-7db0-4fcf-941e-0cff7611a4e5;2025-07-29
4621;1664.81;Warth-Weiningen;2020;128779;2036.89;1363;372.08;;f511acc3-2982-4023-9e54-d7b1d4ba0235;2025-07-29
4791;1139.265;Wuppenau;2020;101658;1144.286;1129;5.02;;b869afca-0848-4bb4-96cd-3e494824e7e2;2025-07-29
4511;2342.092;Zihlschlacht-Sitterdorf;2020;216249;3586.085;2478;1227.167;16.826;1e0006a3-eac4-4da7-bc56-3a585b79737f;2025-07-29
4495;701.965;Hohentannen;2021;59268;701.965;652;;;17c5349b-1cbd-4c10-a308-0ada05292bbf;2025-07-29
4546;2656.354;Schlatt (TG);2021;158673;3004.062;1818;347.708;;7827a8e3-b3b3-489d-9508-ba9c568b87be;2025-07-29
4606;717.493;Stettfurt;2021;105042;1714.424;1236;996.931;;31a7f52a-a8e1-4580-bd84-e33da8416f9d;2025-07-29
4881;1628.988;Amlikon-Bissegg;2022;137827;1628.988;1371;;;f6a85890-f14d-47f3-9dd5-fcf62abce8d9;2025-07-29
4891;1973.051;Berg (TG);2022;311810;4435.197;3523;2462.146;;7a770508-25e9-4fd2-82eb-abbcbbd0a910;2025-07-29
4801;1068.093;Berlingen;2022;99572;2227.462;928;1158.704;0.665;dfb3934a-3750-4d44-823b-8b3fe5dbb97d;2025-07-29
4911;2645.609;Bürglen (TG);2022;311571;5587.706;4059;2942.097;;6af3178d-9874-4a0f-af40-b11ea56f54cc;2025-07-29
4545;3339.518;Diessenhofen;2022;355630;5842.944;4101;2502.149;1.278;afa61302-74b7-46a9-899b-193d00d079df;2025-07-29
4546;2110.778;Schlatt (TG);2022;159723;2405.466;1853;292.026;2.662;2ab2e2b4-5706-44fa-bb3d-dac03985e77c;2025-07-29
4761;5946.074;Sirnach;2022;700336;11788.134;7949;5842.06;;6a5278f1-812c-428b-a5e3-3f3df9650f33;2025-07-29
4776;1728.297;Tobel-Tägerschen;2022;140276;2182.487;1618;454.19;;2761d82b-6150-4a84-a920-48684edeb97e;2025-07-29
4701;1186.736;Wäldi;2022;122722;1308.383;1119;112.363;9.284;5ff61466-db28-4173-bf5b-8e8248228756;2025-07-29
4641;1254.791;Altnau;2023;220472;2088.222;2348;833.431;;b9155192-bf0d-4b63-94a8-42cfe9055f91;2025-07-29
4911;2446.694;Bürglen (TG);2023;319878;5257.804;4129;2811.11;;ed7a896a-4a9f-4f31-96a5-4b79a7b450ab;2025-07-29
4545;3152.998;Diessenhofen;2023;361743;5614.986;4105;2460.769;1.219;99daa6c2-a916-4e42-87c9-99cae995e78a;2025-07-29
4476;2627.768;Erlen;2023;300881;4496.186;3919;1868.417;;227c5e31-4e72-41e0-a3a8-f616b63e85ba;2025-07-29
4646;2262.18;Ermatingen;2023;356134;4687.685;3745;2421.655;3.849;77bcb5a4-f481-43a2-9625-a7d17a66f4d7;2025-07-29
4726;2636.328;Fischingen;2023;295712;2636.328;2951;;;c2997e97-ad3c-4564-a6a1-5e1f6beead9c;2025-07-29
4416;878.155;Hefenhofen;2023;124068;1533.667;1274;655.512;;f64d4bea-8dfb-4387-9984-ca25bb33dcbb;2025-07-29
4461;14660.526;Amriswil;2015;1049453;21012.47;13047;6351.944;;5c100315-6b86-4c15-b976-8fdd9d080d87;2025-07-29
4716;1317.092;Bettwiesen;2015;81490;1548.697;1153;231.605;;e7c347b0-ee22-4b93-b30d-80811df7bfa0;2025-07-29
4416;1189.267;Hefenhofen;2015;103803;1742.731;1230;553.465;;b4aaa57b-96df-4441-b3ad-8e04c8ab3120;2025-07-29
4426;656.68;Kesswil;2015;80138;1598.346;997;937.074;4.592;3b8e8ba3-bb84-4de1-acbc-4246f315dfd7;2025-07-29
4681;1084.776;Langrickenbach;2015;110873;1084.776;1274;;;b048f21b-5cab-4f23-a670-1aec539935a6;2025-07-29
4741;1526.429;Lommis;2015;93641;1526.429;1225;;;571dad5c-246d-4313-b46a-02d44630400e;2025-07-29
4831;1905.303;Müllheim;2015;214208;4268.778;2879;2363.475;;6d1ba7e6-dbbc-4785-b582-d7e7b34e5678;2025-07-29
4546;2337.953;Schlatt (TG);2015;139722;2615.018;1647;277.064;;b2ca6ca2-ce93-45b7-8f0b-bd23bf1b9033;2025-07-29
4446;622.311;Sommeri;2015;59147;622.311;520;;;f5d4587b-6d96-4820-9b33-2b3d2bd6760c;2025-07-29
4864;4670.485;Steckborn;2015;335545;7369.531;3716;2699.046;;fdde1e0a-7529-49c0-b38a-ff0bf8685c0c;2025-07-29
4951;2328.009;Wigoltingen;2015;202147;3651.297;2369;1323.288;;28e9d7e3-0871-443b-9c25-9b61aafa7029;2025-07-29
4791;1273.566;Wuppenau;2015;95166;1284.907;1120;11.341;;6404df77-9a94-4973-b3a7-c19e60ea32f5;2025-07-29
4641;1679.209;Altnau;2016;201613;2631.074;2161;951.865;;a4708c8f-f3f6-4f38-8f05-dd67e8d89d11;2025-07-29
4723;817.389;Braunau;2016;62655;817.389;765;;;6b16592d-7335-4937-bb99-8134951bcdce;2025-07-29
4911;3067.634;Bürglen (TG);2016;276683;6077.577;3741;3009.943;;37e35242-d7b9-4e66-89d7-9a5656d51428;2025-07-29
4406;626.853;Dozwil;2016;49018;806.812;727;179.959;;8f2d271f-8b46-4b6c-9bad-83fedf44be24;2025-07-29
4411;5536.014;Egnach;2016;409275;7729.766;4681;2193.753;;204df414-a4ed-4f16-8a03-d6c4190f134e;2025-07-29
4806;1525.004;Eschenz;2016;149165;2961.969;1721;1436.965;;350374b4-6ea8-4fc3-8e54-102aedf5d3d9;2025-07-29
4421;2406.898;Horn;2016;219117;4131.45;2600;1724.551;;5bc7a0ca-43cb-4387-8f23-3a4e3f76ac74;2025-07-29
4941;2484.162;Märstetten;2016;223073;4314.114;2784;1829.307;0.644;f427e30c-d5a0-4889-8710-5628502613ad;2025-07-29
4461;15421.963;Amriswil;2017;1100420;22051.978;13382;6630.015;;2f2b1927-3c1f-409f-8962-64bb94fb7686;2025-07-29
4911;3098.464;Bürglen (TG);2017;279775;6154.363;3775;3055.899;;0ca1dd68-4a7a-466f-998e-e5403a3571cb;2025-07-29
4726;3546.069;Fischingen;2017;260883;3546.069;2690;;;9b33ae25-727f-4bb1-a8c6-7d6d91aaad40;2025-07-29
4571;3775.755;Gachnang;2017;326157;5754.53;4269;1978.248;0.527;b6375def-5779-4179-82fa-eeda2d1c3612;2025-07-29
4816;1801.18;Homburg;2017;143774;1807.683;1531;;6.503;eb6a4fff-a485-4f2c-8afc-531b3b8c9524;2025-07-29
4691;3842.66;Münsterlingen;2017;320483;9230.577;3444;5381.594;6.323;35d18126-c7f6-4555-8378-c7fd84bed7dc;2025-07-29
4436;9765.848;Romanshorn;2017;922507;19570.28;10927;9787.782;16.65;f85154e2-3682-4341-a775-6fc6f7b0328c;2025-07-29
4546;2436.051;Schlatt (TG);2017;147237;2730.411;1669;294.36;;d6962591-b07e-4b38-a431-0450db9c9a25;2025-07-29
4761;7199.222;Sirnach;2017;655054;14095.388;7703;6896.166;;e5cbb5ac-961f-457c-bfad-7494971d882e;2025-07-29
4446;657.633;Sommeri;2017;62833;657.633;565;;;15c56903-b2b8-4c44-8f53-f501f31b3194;2025-07-29
4864;4909.258;Steckborn;2017;345112;7770.429;3765;2861.172;;17e37f19-dc34-4c8f-b208-17f4619fee0d;2025-07-29
4606;743.943;Stettfurt;2017;99749;1635.173;1213;891.23;;b0855c20-b25f-4482-a008-70439ccf4c0e;2025-07-29
4611;1751.526;Thundorf;2017;122201;1763.044;1451;11.518;;efd589ed-4b4e-4666-9122-3f0542920f02;2025-07-29
4781;5785.986;Wängi;2017;363903;7057.518;4648;1271.532;;ffcfa7ae-16ac-420f-a079-beff8abbdc8c;2025-07-29
4621;1750.524;Warth-Weiningen;2017;123330;2091.699;1311;341.176;;1b5d1d6f-7232-4a02-9626-5abe58980517;2025-07-29
4791;1254.794;Wuppenau;2017;95759;1267.243;1127;12.448;;6b48173f-2c16-44a0-aa2d-5d88f595038b;2025-07-29
4891;2366.783;Berg (TG);2018;297720;4977.576;3406;2610.793;;6f54ff5a-e9ba-406f-918d-3ca042ae03ab;2025-07-29
4471;6929.996;Bischofszell;2018;495456;9458.42;5985;2528.423;;ed4831c6-8c2c-4804-9966-193a8836dec4;2025-07-29
4561;3152.933;Felben-Wellhausen;2018;204453;3496.882;2836;343.949;;3340eb45-82bd-46f7-a890-3263a12772cf;2025-07-29
4666;2999.869;Kemmental;2018;240456;3084.973;2537;81.4;3.704;2cf9fd74-32ff-4841-a712-379a9b6dc4fc;2025-07-29
4826;1650.178;Mammern;2018;65660;2128.088;651;477.91;;a35928fb-4b42-497b-83d4-4ab02d65c8fe;2025-07-29
4841;1721.215;Pfyn;2018;166342;3139.87;2010;1418.654;;87cc62f4-fe7b-486c-a0c2-97b9dd7d9142;2025-07-29
4751;2783.113;Rickenbach (TG);2018;223041;4385.407;2771;1598.197;4.096;4ab6614f-4654-4d8c-b14d-de39919fc244;2025-07-29
4446;635.796;Sommeri;2018;64734;635.796;572;;;191f18a4-0a78-4592-a7c1-7cc7766fea10;2025-07-29
4781;5462.116;Wängi;2018;369419;6704.555;4697;1242.438;;815b8ba4-c3cf-4bad-a91f-356b42a0b6ea;2025-07-29
4471;7419.905;Bischofszell;2019;496799;10122.603;5963;2702.698;;c1a93e29-6c31-4c83-a479-67625d53cdca;2025-07-29
4646;2724.119;Ermatingen;2019;343155;5602.331;3521;2878.212;;ac93f012-7489-4b76-b599-dee5d329bac4;2025-07-29
4416;1151.77;Hefenhofen;2019;110187;1877.895;1201;726.126;;cb53e69d-39c3-49a4-a1c5-f027d28ef448;2025-07-29
4590;694.818;Hüttlingen;2019;75357;694.818;840;;;4c7d406d-930a-4863-99a1-2180c62cf2f9;2025-07-29
4501;3111.417;Kradolf-Schönenberg;2019;304260;5379.749;3605;2268.333;;ddda445f-f3cf-45c5-8053-67d954c052ce;2025-07-29
4741;1557.97;Lommis;2019;99224;1557.97;1208;;;0e8936ec-d95a-49e1-b0d8-8a23c48b5b9f;2025-07-29
4826;1717.784;Mammern;2019;69739;2220.267;658;502.483;;6dab0431-b32c-46a7-89bd-43c0dff48659;2025-07-29
4946;6247.583;Weinfelden;2019;1166712;21204.783;11559;14949.27;7.93;a571f6f7-dbc8-4cd3-97f3-baf3b5d05150;2025-07-29
4536;2713.782;Basadingen-Schlattingen;2020;170100;2769.958;1814;56.175;;7707e10b-29ff-45f7-b8e4-37be07a49ff1;2025-07-29
4561;3090.202;Felben-Wellhausen;2020;210503;3473.502;2864;380.074;3.226;0fe9d484-39d5-4089-94fc-423ead260b97;2025-07-29
4831;1941.487;Müllheim;2020;229242;4388.49;2994;2447.002;;9dfb427e-4ac3-4f65-ae7e-f5f7a3498190;2025-07-29
4401;18872.993;Arbon;2021;1235613;26688.641;15123;7815.648;;db20e65c-2f85-443b-9359-1f253707ab7d;2025-07-29
4801;1308.371;Berlingen;2021;101786;2745.438;926;1436.241;0.825;b03ba091-cc46-42c1-9496-0f23299c84ab;2025-07-29
4811;1502.587;Herdern;2021;99132;1522.384;1105;16.407;3.39;03ae19e8-09dc-40b5-a6dc-3fb1bdff2d86;2025-07-29
4691;5004.057;Münsterlingen;2021;337376;9828.475;3498;4823.192;1.227;f184cd9b-2339-44dd-bd00-ffcb7e7a3690;2025-07-29
4431;4825.244;Roggwil (TG);2021;289419;5639.763;3301;814.518;;ae94d76f-814b-4ad5-ae4e-5f21dd0cc4b4;2025-07-29
4756;1002.107;Schönholzerswilen;2021;79624;1002.107;849;;;6f7d050d-4b8f-43a8-9bf1-ed90b8df9118;2025-07-29
4761;7499.008;Sirnach;2021;684321;14719.376;7923;7220.368;;0aeadbba-14b1-43b4-a2b5-0d89523f6fc0;2025-07-29
4451;1773.992;Uttwil;2021;160514;3520.529;1933;1746.536;;1ed40e01-0e8a-4edb-ac64-ff14fa2cc1bb;2025-07-29
4781;6078.425;Wängi;2021;379589;7597.148;4773;1518.723;;fb170e9f-ffea-43d3-9af5-aba7e1f30099;2025-07-29
4786;1100.992;Wilen (TG);2021;195048;3928.954;2483;2820.771;7.191;b9c0a982-9e0a-465e-aa5e-fc25e15627ae;2025-07-29
4723;651.606;Braunau;2022;73438;652.581;855;0.975;;93141243-64e4-46cc-b9d3-4e9f3276df2b;2025-07-29
4561;2697.824;Felben-Wellhausen;2022;234478;3077.003;3191;379.178;;a87a8bee-a123-4f29-9496-f836667bc455;2025-07-29
4811;1210.17;Herdern;2022;100226;1226.264;1126;13.361;2.734;69c9bced-cd77-4562-93b9-ee73d8ae70f0;2025-07-29
4501;2753.531;Kradolf-Schönenberg;2022;311297;4868.296;3659;2114.765;;5275e31e-7bf6-4a4a-9acf-d3662a365aaf;2025-07-29
4941;2103.337;Märstetten;2022;240460;3816.338;2912;1713.001;;c67310c2-a5bc-4f94-81b7-921833603e1d;2025-07-29
4851;1587.261;Salenstein;2022;156367;2336.529;1432;745.724;3.544;f2c187e0-62a3-45fd-a19d-a49de85a6f0a;2025-07-29
4441;1302.806;Salmsach;2022;112203;2036.095;1562;733.289;;8652df27-1553-4dab-8be0-31e61be3dd0c;2025-07-29
4446;596.447;Sommeri;2022;69872;596.447;649;;;ba615737-d9ca-46c3-baf3-9890373c9b36;2025-07-29
4781;4739.852;Wängi;2022;382702;5957.738;4807;1217.886;;e4e6b8ae-2fec-49e9-87a3-dc61cea076ce;2025-07-29
4621;1434.202;Warth-Weiningen;2022;129993;1791.817;1401;357.615;;09610cd4-c878-4abb-9faa-4d4e7d649969;2025-07-29
4951;2052.741;Wigoltingen;2022;225799;3403.352;2594;1349.224;1.387;7685c4a6-1aa6-4cc1-a077-e4f1321176b9;2025-07-29
4791;1037.685;Wuppenau;2022;102775;1042.45;1184;4.765;;60b90711-92b6-4bc0-ab70-c3a89bb565b5;2025-07-29
4901;1429.062;Birwinken;2023;114255;1439.739;1392;10.677;;ca035ecd-f844-4ddf-a25d-cd455dc20563;2025-07-29
4406;517.332;Dozwil;2023;55914;660.401;723;143.069;;7778eee9-17de-47fa-9e7a-d8b1e3d9f141;2025-07-29
4806;1092.829;Eschenz;2023;168717;2234.899;1893;1142.07;;c47a9776-f015-42c6-8a76-856caf06651d;2025-07-29
4724;2305.944;Eschlikon;2023;430312;5319.303;4864;3013.359;;b03d2841-d527-4f93-90e5-b92ebabfc63e;2025-07-29
4741;1227.117;Lommis;2023;103746;1227.117;1267;;;a424545b-2396-4905-a027-0e821eee5210;2025-07-29
4441;1192.134;Salmsach;2023;116236;1862.043;1578;669.91;;03be1b38-c87c-4140-8078-09d07f8502cc;2025-07-29
4786;770.391;Wilen (TG);2023;194909;2873.222;2501;2100.666;2.165;ed27ab3a-a8da-4a44-88c9-a1006507c5e4;2025-07-29
